Index,HALSTEAD_LEVEL,ESSENTIAL_COMPLEXITY,HALSTEAD_ERROR_EST,LOC_BLANK,LOC_COMMENTS,LOC_EXECUTABLE,NUM_UNIQUE_OPERATORS,HALSTEAD_EFFORT,HALSTEAD_VOLUME,NUM_OPERATORS
0,0.29,1,0.02,0,0,5,7,209.28,59.79,15
1,0.33,1,0.03,1,0,8,6,252.0,84.0,11
2,0.67,1,0.0,0,0,0,3,17.41,11.61,3
3,0.22,1,0.01,0,2,4,6,135.0,30.0,7
4,0.21,1,0.05,2,3,14,7,672.0,144.0,24
5,0.4,1,0.01,0,0,2,5,49.13,19.65,5
6,0.08,1,0.2,8,0,47,14,7935.0,610.38,80
7,0.27,1,0.01,0,0,3,5,84.22,22.46,5
8,0.4,1,0.01,0,0,0,5,49.13,19.65,5
9,0.06,5,0.33,10,5,58,15,16836.92,982.15,117
10,0.4,1,0.01,0,0,1,5,79.25,31.7,6
11,0.19,1,0.04,1,0,11,8,562.59,109.39,19
12,0.67,1,0.0,0,0,0,3,12.0,8.0,3
13,0.17,1,0.03,0,0,9,8,616.79,102.8,18
14,0.22,1,0.02,0,0,3,9,306.0,68.0,10
15,0.15,1,0.04,1,0,9,8,830.49,121.11,19
16,1.0,1,0.0,0,0,0,2,4.75,4.75,2
17,0.67,1,0.0,0,0,0,3,12.0,8.0,3
18,0.24,1,0.02,0,0,4,7,210.8,50.19,8
19,0.07,3,0.17,7,1,32,15,7570.25,516.99,59
20,0.11,1,0.08,6,0,17,12,2304.56,244.42,30
21,2.0,1,0.0,0,0,2,1,1.0,2.0,1
22,0.67,1,0.0,0,0,2,3,12.0,8.0,3
23,1.0,1,0.0,0,0,0,2,4.75,4.75,2
24,0.34,1,0.02,2,0,5,5,171.53,58.81,10
25,0.67,1,0.0,0,0,2,3,12.0,8.0,3
26,0.25,1,0.04,0,1,10,7,541.07,133.98,16
27,0.07,1,0.26,6,3,43,14,10911.35,765.71,85
28,0.18,1,0.06,2,0,13,10,1069.68,194.49,34
29,0.29,1,0.02,2,0,8,5,220.91,63.12,12
30,0.05,1,0.16,2,0,27,15,9196.23,490.47,59
31,0.22,1,0.02,0,0,3,9,306.0,68.0,10
32,0.5,1,0.01,0,0,3,4,39.3,19.65,4
33,1.0,1,0.0,0,0,2,2,8.0,8.0,2
34,0.67,1,0.0,0,0,2,3,12.0,8.0,3
35,0.41,1,0.04,0,1,15,4,273.43,112.59,10
36,0.08,1,0.2,7,2,45,11,7337.87,603.55,81
37,0.16,1,0.03,3,0,12,8,592.07,92.51,17
38,0.67,1,0.0,0,0,0,3,12.0,8.0,3
39,0.21,1,0.03,0,0,6,8,355.35,76.15,13
40,0.67,1,0.0,0,0,0,3,12.0,8.0,3
41,0.33,1,0.01,0,0,4,6,95.1,31.7,7
42,0.03,12,0.67,11,35,114,23,71598.78,2011.47,204
43,0.67,1,0.0,0,0,0,3,12.0,8.0,3
44,0.1,3,0.03,0,0,3,13,1040.81,100.08,16
45,0.67,1,0.0,0,0,0,3,12.0,8.0,3
46,0.06,5,0.19,5,6,31,19,10086.81,583.97,69
47,0.09,3,0.23,6,14,36,14,7260.94,684.99,69
48,0.67,1,0.0,0,0,0,3,12.0,8.0,3
49,0.67,1,0.0,0,0,0,3,12.0,8.0,3
50,0.67,1,0.0,0,0,2,3,12.0,8.0,3
51,0.0,1,0.0,0,0,1,1,0.0,0.0,1
52,0.07,3,0.37,4,4,75,12,17214.99,1121.28,116
53,0.5,1,0.01,0,0,2,4,54.0,27.0,5
54,0.08,1,0.23,4,4,42,12,8359.77,682.43,83
55,0.44,1,0.02,0,0,5,4,134.42,58.81,9
56,0.2,1,0.03,0,0,4,10,380.0,76.0,13
57,0.12,1,0.05,3,0,18,10,1285.77,151.27,18
58,0.67,1,0.0,0,0,0,3,12.0,8.0,3
59,0.05,1,0.11,0,2,25,14,5757.8,316.36,43
60,0.04,9,0.67,14,2,116,19,48229.6,2004.0,220
61,0.17,1,0.07,2,0,13,9,1289.11,218.26,26
62,0.67,1,0.0,0,0,0,3,17.41,11.61,3
63,0.18,1,0.07,0,0,11,8,1210.42,222.97,31
64,0.31,1,0.04,2,0,6,6,361.18,110.36,15
65,0.33,1,0.02,0,0,5,5,209.28,69.76,15
66,0.13,1,0.04,1,0,15,9,879.05,117.21,20
67,0.2,1,0.03,0,0,7,8,500.0,100.0,15
68,0.17,1,0.06,4,0,13,9,1020.71,176.42,21
69,0.17,1,0.06,3,1,9,9,1054.16,175.69,24
70,1.0,1,0.0,0,0,1,2,8.0,8.0,2
71,0.67,1,0.0,0,0,0,3,12.0,8.0,3
72,0.67,1,0.0,0,0,0,3,12.0,8.0,3
73,0.0,1,0.0,1,0,1,1,0.0,0.0,1
74,0.1,3,0.1,0,1,20,13,2920.69,299.56,42
75,0.11,1,0.11,1,0,18,11,2939.56,336.51,43
76,0.42,1,0.01,0,0,4,4,98.9,41.21,7
77,0.06,3,0.07,1,0,12,14,3632.76,218.51,30
78,0.34,1,0.02,2,0,5,5,171.53,58.81,10
79,0.67,1,0.0,0,0,0,3,17.41,11.61,3
80,0.0,1,0.0,0,0,0,0,0.0,0.0,0
81,0.21,1,0.04,1,0,6,7,545.26,113.3,18
82,0.0,1,0.0,0,0,1,1,0.0,0.0,1
83,0.17,1,0.02,4,0,8,8,408.69,68.11,13
84,0.13,3,0.04,1,1,12,10,870.0,116.0,20
85,0.4,1,0.01,1,0,3,5,60.0,24.0,5
86,0.0,1,0.0,0,0,1,1,0.0,0.0,1
87,0.14,1,0.03,2,0,9,8,526.99,75.28,14
88,0.08,1,0.12,4,4,26,13,4470.44,356.62,48
89,0.22,1,0.05,4,5,9,6,694.29,154.29,19
90,0.4,1,0.01,0,0,0,5,79.25,31.7,6
91,0.14,1,0.07,1,1,13,10,1619.78,221.65,30
92,0.33,1,0.01,1,0,6,6,109.62,36.54,7
93,0.07,1,0.09,2,0,17,13,4010.59,280.46,40
94,0.0,1,0.0,0,0,0,1,0.0,0.0,1
95,0.16,1,0.03,2,0,12,8,592.07,92.51,17
96,0.12,1,0.03,1,0,10,9,801.83,98.99,17
97,1.0,1,0.0,0,0,1,2,8.0,8.0,2
98,0.07,3,0.21,2,0,33,13,8591.51,630.85,80
99,0.0,1,0.0,0,0,1,1,0.0,0.0,1
100,0.33,1,0.01,0,0,5,4,108.0,36.0,6
101,0.67,1,0.0,0,0,0,3,17.41,11.61,3
102,0.17,1,0.06,2,1,9,9,1054.16,175.69,24
103,0.12,1,0.07,1,0,12,11,1679.37,203.56,27
104,0.29,1,0.02,0,0,0,7,239.86,68.53,11
105,0.05,1,0.14,5,0,20,12,8714.36,408.49,61
106,0.4,1,0.01,0,0,2,5,38.77,15.51,5
107,0.67,1,0.0,0,0,0,3,17.41,11.61,3
108,0.03,11,0.68,22,7,101,26,60862.61,2052.76,192
109,0.05,8,0.36,7,4,50,16,20176.5,1086.43,134
110,0.08,1,0.05,1,0,16,10,2080.0,156.0,23
111,0.07,1,0.3,12,6,59,15,12478.8,889.29,103
112,0.06,3,0.23,2,3,41,14,11369.91,682.19,83
113,0.09,1,0.12,3,2,27,12,4092.71,374.06,46
114,0.16,1,0.03,2,0,12,8,592.07,92.51,17
115,0.67,1,0.0,0,0,0,3,12.0,8.0,3
116,0.11,1,0.21,3,0,20,12,5829.1,620.12,68
117,0.0,1,0.0,0,0,0,1,0.0,0.0,1
118,0.67,1,0.0,0,0,0,3,17.41,11.61,3
119,0.02,26,2.64,13,6,251,23,324803.51,7918.82,678
120,0.16,1,0.04,1,0,6,9,733.44,118.54,18
121,0.18,1,0.12,0,0,14,8,2101.93,372.92,45
122,0.35,1,0.03,0,0,7,4,217.45,76.11,12
123,0.67,1,0.0,0,0,3,3,12.0,8.0,3
124,0.0,1,0.01,0,0,0,6,0.0,15.51,6
125,0.04,5,0.6,5,9,104,15,42021.08,1804.29,197
126,0.11,1,0.03,1,0,9,10,914.21,101.58,17
127,0.67,1,0.0,0,0,2,3,17.41,11.61,3
128,0.04,3,0.21,5,0,16,24,14439.1,633.29,78
129,0.05,5,0.21,3,2,42,15,11773.96,644.05,91
130,0.07,3,0.15,7,0,26,15,6400.08,438.86,52
131,0.24,1,0.02,2,2,5,7,256.87,62.91,10
132,0.0,1,0.0,0,0,0,0,0.0,0.0,0
133,0.32,1,0.07,2,0,15,6,687.42,218.72,24
134,1.0,1,0.0,0,0,2,2,8.0,8.0,2
135,0.5,1,0.01,0,0,2,4,31.02,15.51,4
136,0.67,1,0.0,0,0,0,3,12.0,8.0,3
137,0.15,1,0.02,0,0,5,8,369.01,55.35,11
138,0.5,1,0.0,0,0,0,4,23.22,11.61,4
139,0.18,1,0.11,0,0,13,8,1857.56,331.71,41
140,0.67,1,0.0,0,0,0,3,12.0,8.0,3
141,0.25,1,0.03,0,0,8,7,384.58,97.67,16
142,0.67,1,0.0,0,0,2,3,12.0,8.0,3
143,0.33,1,0.03,1,0,4,6,234.41,78.14,11
144,0.67,1,0.0,0,0,0,3,17.41,11.61,3
145,0.11,1,0.07,1,0,16,11,2053.4,219.62,33
146,0.03,12,0.97,18,27,137,28,98179.22,2922.0,257
147,0.5,1,0.0,0,0,2,4,23.22,11.61,4
148,0.33,1,0.03,1,0,8,6,252.0,84.0,11
149,0.67,1,0.0,0,0,0,3,12.0,8.0,3
150,0.07,3,0.12,2,0,32,13,4843.41,360.55,44
151,0.67,1,0.0,0,0,0,3,12.0,8.0,3
152,0.16,1,0.08,2,1,11,9,1551.63,250.77,32
153,0.15,1,0.06,2,0,14,9,1175.61,174.17,26
154,0.0,1,0.0,0,0,1,1,0.0,0.0,1
155,0.67,1,0.0,0,0,0,3,12.0,8.0,3
156,0.67,1,0.0,0,0,0,3,17.41,11.61,3
157,0.03,9,0.41,8,0,29,29,43599.82,1233.59,130
158,0.16,1,0.05,1,0,11,10,975.5,156.08,20
159,0.67,1,0.0,0,0,0,3,17.41,11.61,3
160,0.06,1,0.25,2,2,41,12,11596.34,751.61,95
161,0.67,1,0.0,0,0,0,3,12.0,8.0,3
162,0.67,1,0.0,0,0,0,3,12.0,8.0,3
163,0.14,1,0.06,3,0,15,11,1360.08,185.47,25
164,0.0,1,0.0,0,0,1,1,0.0,0.0,1
165,0.14,1,0.04,2,0,10,8,809.7,110.41,18
166,0.29,1,0.03,0,0,0,7,273.48,78.14,12
167,0.17,1,0.03,2,1,9,9,601.71,104.0,17
168,0.13,1,0.34,0,0,35,10,7990.75,1027.38,130
169,0.14,1,0.11,1,0,19,10,2223.49,322.02,36
170,0.4,1,0.01,0,0,0,5,60.0,24.0,5
171,0.67,1,0.0,0,0,0,3,12.0,8.0,3
172,0.07,1,0.18,2,1,31,13,8265.25,544.96,68
173,0.17,1,0.02,0,0,1,9,322.65,53.77,11
174,0.06,1,0.27,0,0,57,18,12497.82,805.42,95
175,0.5,1,0.01,0,0,0,4,36.19,18.09,5
176,0.67,1,0.0,0,0,0,3,12.0,8.0,3
177,0.5,1,0.01,0,0,0,4,36.19,18.09,5
178,0.38,1,0.01,0,0,3,4,82.35,30.88,7
179,0.22,1,0.03,1,0,8,9,342.0,76.0,12
180,0.67,1,0.0,0,0,0,3,12.0,8.0,3
181,0.0,1,0.0,0,0,0,0,0.0,0.0,0
182,0.22,1,0.02,0,0,3,9,306.0,68.0,10
183,0.03,19,0.81,16,9,114,21,73847.58,2432.5,268
184,0.29,1,0.01,0,0,5,7,157.4,44.97,9
185,0.33,1,0.01,0,0,3,6,134.92,44.97,8
186,0.13,1,0.06,0,0,13,10,1555.89,194.49,29
187,0.1,1,0.08,1,0,20,10,2389.82,250.36,36
188,0.07,3,0.19,1,6,31,14,8659.15,579.03,65
189,0.12,1,0.1,2,0,24,12,2618.82,305.53,45
190,0.04,3,0.24,3,0,19,26,18012.97,724.3,85
191,0.0,1,0.0,0,0,1,1,0.0,0.0,1
192,0.11,1,0.1,1,1,21,10,2619.98,293.44,39
193,0.67,1,0.0,1,0,3,3,17.41,11.61,3
194,0.67,1,0.0,0,0,2,3,12.0,8.0,3
195,1.0,1,0.0,0,0,0,2,4.75,4.75,2
196,0.06,1,0.07,2,0,15,13,3756.37,224.74,34
197,0.67,1,0.0,0,0,0,3,12.0,8.0,3
198,0.16,1,0.08,2,1,11,9,1551.63,250.77,32
199,0.5,1,0.0,0,0,2,4,23.22,11.61,4
200,0.18,1,0.1,0,0,12,8,1619.04,291.43,37
201,0.06,1,0.27,6,6,57,11,13466.32,816.14,114
202,0.06,5,0.36,3,10,53,16,16513.25,1066.48,132
203,0.13,1,0.07,0,2,9,11,1594.5,213.62,27
204,0.04,18,1.12,23,17,173,18,77990.66,3348.08,345
205,0.29,1,0.01,0,0,2,7,99.85,28.53,7
206,0.12,1,0.09,3,1,16,11,2123.35,263.22,34
207,0.0,1,0.0,0,0,0,0,0.0,0.0,0
208,0.08,1,0.06,0,0,13,13,2415.96,185.84,29
209,0.05,11,0.55,15,3,88,18,34945.56,1636.88,174
210,0.06,9,0.27,2,4,48,16,14573.21,824.9,102
211,0.1,1,0.04,0,0,14,9,1218.95,125.02,19
212,0.67,1,0.0,0,0,0,3,12.0,8.0,3
213,0.15,1,0.03,1,0,10,8,634.56,95.18,15
214,0.67,1,0.0,0,0,0,3,12.0,8.0,3
215,0.22,3,0.02,0,0,1,9,239.86,53.3,9
216,2.0,1,0.0,0,0,3,1,1.0,2.0,1
217,0.05,7,0.34,5,4,47,19,22309.61,1016.46,115
218,0.05,3,0.33,5,0,46,18,19167.59,982.95,111
219,0.5,1,0.0,0,0,0,4,23.22,11.61,4
220,0.12,1,0.03,1,0,10,9,801.83,98.99,17
221,0.12,1,0.1,0,0,19,8,2512.57,303.24,39
222,0.33,1,0.01,0,0,2,6,85.59,28.53,6
223,0.04,3,0.23,5,0,15,25,16984.95,679.4,81
224,0.19,1,0.05,0,0,8,8,737.24,141.78,21
225,0.1,1,0.19,0,0,47,12,5594.49,579.61,76
226,0.25,1,0.01,1,0,4,6,139.48,34.87,7
227,0.14,1,0.01,0,0,0,7,189.0,27.0,7
228,0.39,1,0.03,0,0,7,3,213.55,83.05,13
229,0.12,1,0.09,4,11,23,10,2297.39,279.68,38
230,0.67,1,0.0,0,0,2,3,12.0,8.0,3
231,0.0,1,0.01,0,0,0,6,0.0,15.51,6
232,0.67,1,0.0,0,0,2,3,12.0,8.0,3
233,0.67,1,0.0,0,0,0,3,12.0,8.0,3
234,0.5,1,0.01,0,0,0,4,44.92,22.46,5
235,0.13,1,0.06,2,1,12,10,1486.74,185.84,27
236,0.13,1,0.17,5,5,22,10,3836.67,505.32,56
237,0.4,1,0.01,0,0,2,5,49.13,19.65,5
238,1.0,1,0.0,0,0,1,2,8.0,8.0,2
239,0.21,1,0.03,0,0,6,8,355.35,76.15,13
240,0.08,1,0.16,3,0,33,11,5971.91,465.34,64
241,0.1,1,0.08,1,0,20,10,2389.82,250.36,36
242,2.0,1,0.01,0,0,2,1,8.13,16.25,3
243,0.67,1,0.0,0,0,0,3,12.0,8.0,3
244,0.67,1,0.0,0,0,0,3,12.0,8.0,3
245,0.67,1,0.0,0,0,2,3,12.0,8.0,3
246,0.0,1,0.0,0,0,1,1,0.0,0.0,1
247,0.05,3,0.19,2,0,34,13,10434.98,564.05,83
248,0.67,1,0.0,0,0,2,3,17.41,11.61,3
249,0.08,1,0.33,5,1,48,13,13042.34,988.72,109
250,1.0,1,0.0,0,0,1,2,8.0,8.0,2
251,0.19,1,0.04,1,1,8,9,691.79,131.77,16
252,0.0,1,0.0,0,0,0,0,0.0,0.0,0
253,0.67,1,0.0,0,0,2,3,12.0,8.0,3
254,0.15,1,0.05,0,0,17,10,1039.42,159.91,24
255,0.0,1,0.0,0,0,0,0,0.0,0.0,0
256,0.28,1,0.02,0,0,6,6,186.81,51.89,9
257,1.0,1,0.0,0,0,0,2,4.75,4.75,2
258,0.09,1,0.08,9,6,17,11,2705.67,245.97,36
259,0.0,1,0.0,0,0,0,0,0.0,0.0,0
260,0.67,1,0.0,0,0,0,3,17.41,11.61,3
261,0.03,1,0.54,5,2,88,21,48369.03,1605.96,164
262,0.29,1,0.02,0,1,5,7,233.13,66.61,12
263,0.67,1,0.0,0,0,0,3,12.0,8.0,3
264,0.67,1,0.0,0,0,0,3,12.0,8.0,3
265,0.5,1,0.0,0,0,2,4,23.22,11.61,4
266,0.0,1,0.0,0,0,1,1,0.0,0.0,1
267,0.0,1,0.0,0,0,0,4,0.0,8.0,4
268,0.21,1,0.02,2,0,7,8,319.72,66.61,12
269,0.11,1,0.08,2,0,21,11,2381.95,254.75,41
270,0.4,1,0.01,0,0,2,5,49.13,19.65,5
271,0.16,1,0.03,3,0,12,8,592.07,92.51,17
272,0.09,1,0.1,2,1,20,11,3435.99,298.78,44
273,0.13,1,0.08,0,0,14,10,1835.8,231.89,33
274,0.17,1,0.01,0,0,5,6,151.6,25.27,7
275,0.18,1,0.04,2,2,7,9,666.77,118.54,19
276,0.4,1,0.01,0,0,0,5,99.66,39.86,7
277,0.67,1,0.0,0,0,0,3,12.0,8.0,3
278,0.67,1,0.0,0,0,0,3,17.41,11.61,3
279,0.67,1,0.0,0,0,0,3,12.0,8.0,3
280,0.33,1,0.02,1,0,7,6,222.69,74.23,10
281,0.15,1,0.04,7,1,10,10,870.87,133.98,18
282,0.04,4,0.57,12,14,88,19,45222.23,1700.08,177
283,0.06,1,0.16,1,0,32,12,7677.16,484.15,66
284,0.1,1,0.08,2,1,17,11,2280.63,226.18,28
285,0.11,1,0.08,4,0,21,11,2280.63,248.8,35
286,0.11,1,0.03,0,0,9,8,879.22,99.91,16
287,0.29,1,0.02,0,0,0,7,239.86,68.53,11
288,0.15,1,0.02,0,0,6,9,449.6,66.61,12
289,0.17,1,0.05,1,1,9,9,844.91,144.43,21
290,0.07,1,0.26,4,3,43,12,10838.4,769.39,96
291,0.29,1,0.02,1,0,8,7,163.12,46.6,8
292,0.67,1,0.0,0,0,0,3,12.0,8.0,3
293,0.07,4,0.11,3,6,27,15,4592.87,331.71,45
294,0.1,1,0.08,1,2,18,11,2391.62,241.58,37
295,0.23,1,0.02,1,1,6,7,227.03,51.89,10
296,0.06,1,0.14,1,0,21,14,7403.33,423.05,53
297,0.03,6,1.01,16,4,130,22,90061.35,3027.63,271
298,0.23,1,0.02,3,1,6,7,227.03,51.89,10
299,0.29,1,0.01,0,0,2,7,157.4,44.97,9
300,0.22,1,0.02,1,1,5,9,291.26,64.73,12
301,0.24,1,0.01,0,0,3,5,162.5,39.0,8
302,0.67,1,0.0,0,0,2,3,12.0,8.0,3
303,0.2,1,0.03,1,0,7,7,513.99,102.8,17
304,0.67,1,0.0,0,0,0,3,12.0,8.0,3
305,0.67,1,0.0,0,0,0,3,12.0,8.0,3
306,0.27,1,0.02,1,2,4,6,174.4,46.51,9
307,0.14,1,0.08,3,1,16,9,1791.33,253.32,34
308,1.0,1,0.01,0,0,3,2,18.09,18.09,3
309,0.67,1,0.0,0,0,0,3,17.41,11.61,3
310,0.05,8,0.24,2,3,44,17,14362.87,713.45,93
311,0.29,1,0.01,0,0,4,7,145.3,41.51,8
312,0.3,1,0.01,0,0,5,5,130.0,39.0,9
313,0.05,1,0.25,10,8,53,24,14609.41,741.06,84
314,0.19,1,0.05,2,0,10,8,737.24,141.78,21
315,0.05,3,0.3,10,0,26,16,18609.99,894.71,102
316,0.09,1,0.11,1,0,21,14,3595.9,326.9,46
317,0.5,1,0.01,0,0,4,4,44.92,22.46,5
318,0.07,1,0.11,1,1,18,12,4490.66,316.65,44
319,0.67,1,0.0,0,0,0,3,12.0,8.0,3
320,0.03,19,0.85,17,2,134,21,79856.57,2535.13,245
321,0.04,6,0.67,10,20,85,20,44799.75,1998.76,188
322,0.05,7,0.25,4,10,48,17,14308.91,755.81,94
323,0.14,1,0.09,0,0,8,9,1848.66,256.76,32
324,0.15,1,0.07,3,1,17,8,1390.23,212.4,32
325,0.29,1,0.01,0,0,2,7,99.85,28.53,7
326,0.67,1,0.0,0,0,0,3,12.0,8.0,3
327,0.67,1,0.0,0,0,0,3,12.0,8.0,3
328,0.29,1,0.02,0,1,5,7,233.13,66.61,12
329,0.05,8,0.36,3,4,68,17,20885.76,1070.05,134
330,0.5,1,0.0,0,0,2,4,23.22,11.61,4
331,0.33,1,0.01,1,0,6,6,109.62,36.54,7
332,0.11,1,0.04,4,0,9,8,994.99,106.61,14
333,0.34,1,0.02,2,0,5,5,171.53,58.81,10
334,0.12,1,0.05,1,1,13,13,1142.0,140.55,22
335,1.0,1,0.0,0,0,0,2,4.75,4.75,2
336,0.05,7,0.54,16,2,93,18,30630.91,1614.0,172
337,0.08,1,0.31,6,1,51,13,11991.65,922.43,101
338,0.07,3,0.17,6,3,27,14,7508.18,509.48,61
339,0.67,1,0.0,0,0,0,3,12.0,8.0,3
340,0.14,1,0.08,0,0,21,11,1641.93,232.19,32
341,0.56,1,0.01,0,0,4,3,70.2,39.0,7
342,0.06,8,0.35,5,0,69,16,18928.42,1047.27,132
343,0.29,1,0.03,0,0,0,7,273.48,78.14,12
344,0.16,1,0.03,3,0,12,8,592.07,92.51,17
345,0.4,1,0.01,0,0,0,5,99.66,39.86,7
346,0.5,1,0.0,0,0,0,4,23.22,11.61,4
347,0.04,4,0.75,22,24,131,17,51144.16,2241.61,208
348,0.67,1,0.0,0,0,0,3,12.0,8.0,3
349,0.5,1,0.0,0,0,2,4,23.22,11.61,4
350,0.29,1,0.04,0,0,7,4,367.69,107.24,19
351,0.33,1,0.01,1,1,3,6,72.0,24.0,6
352,1.0,1,0.0,0,0,0,2,4.75,4.75,2
353,0.05,4,0.14,6,0,13,21,8794.04,418.76,51
354,0.0,1,0.0,0,0,0,0,0.0,0.0,0
355,0.29,1,0.02,1,0,9,7,194.27,55.51,9
356,0.21,1,0.03,0,0,6,8,355.35,76.15,13
357,0.03,5,0.53,6,6,85,21,49456.13,1601.44,177
358,0.33,1,0.03,0,0,9,6,234.41,78.14,11
359,0.67,1,0.0,0,0,0,3,12.0,8.0,3
360,0.16,1,0.03,1,0,8,7,546.12,85.11,12
361,0.17,1,0.03,3,0,12,8,548.26,91.38,15
362,0.19,1,0.04,0,18,8,8,693.88,133.44,19
363,0.67,1,0.0,0,0,0,3,12.0,8.0,3
364,0.06,1,0.27,1,2,42,14,14278.39,801.34,99
365,0.19,1,0.06,3,2,18,9,879.88,169.46,23
366,0.67,1,0.0,0,0,0,3,12.0,8.0,3
367,0.04,1,0.48,2,0,45,18,33247.47,1440.72,147
368,0.67,1,0.0,0,0,0,3,12.0,8.0,3
369,0.09,1,0.14,6,0,38,12,4475.06,422.64,57
370,0.17,1,0.03,3,0,12,8,548.26,91.38,15
371,0.02,16,0.96,4,5,144,22,147636.19,2881.05,291
372,0.5,1,0.01,0,0,3,3,46.53,23.26,5
373,0.4,1,0.01,2,1,4,5,67.5,27.0,6
374,0.5,1,0.0,0,0,2,4,23.22,11.61,4
375,0.67,1,0.0,0,0,0,3,12.0,8.0,3
376,0.05,8,0.24,2,3,44,17,14362.87,713.45,93
377,1.0,1,0.0,0,0,1,2,8.0,8.0,2
378,0.11,3,0.07,8,0,15,11,1890.85,217.13,29
379,0.03,4,0.37,7,2,71,22,33183.4,1117.29,115
380,0.24,1,0.02,0,0,5,7,225.85,53.77,9
381,0.22,1,0.02,0,0,3,9,306.0,68.0,10
382,0.07,3,0.26,6,2,36,17,10946.73,794.17,78
383,0.19,1,0.02,1,0,9,7,363.24,69.19,14
384,0.38,1,0.02,1,0,14,4,157.89,59.21,4
385,0.13,1,0.06,0,0,12,10,1555.89,194.49,29
386,0.15,1,0.1,2,1,13,9,2008.94,309.07,39
387,0.31,1,0.05,2,0,12,6,491.94,153.73,19
388,0.5,1,0.0,0,0,2,4,23.22,11.61,4
389,0.07,1,0.32,10,8,61,15,13914.17,971.78,111
390,0.1,3,0.06,2,0,12,12,1888.7,188.87,28
391,0.27,1,0.02,2,2,5,6,186.86,49.83,10
392,0.0,1,0.0,0,0,1,1,0.0,0.0,1
393,0.06,1,0.26,9,4,51,13,12518.41,791.0,97
394,0.05,8,0.24,2,3,44,17,14362.87,713.45,93
395,0.11,3,0.04,1,0,9,11,1236.46,134.89,23
396,0.06,1,0.4,6,4,66,14,21062.86,1189.6,127
397,0.67,1,0.0,0,0,0,3,17.41,11.61,3
398,0.67,1,0.0,0,0,2,3,12.0,8.0,3
399,2.0,1,0.0,0,0,2,1,1.0,2.0,1
400,1.0,1,0.0,0,0,2,2,8.0,8.0,2
401,0.33,1,0.01,0,0,2,6,85.59,28.53,6
402,0.67,1,0.0,0,0,0,3,12.0,8.0,3
403,0.67,1,0.01,0,0,0,3,27.14,18.09,4
404,0.16,1,0.06,1,0,9,10,1208.47,187.98,23
405,0.67,1,0.0,0,0,0,3,17.41,11.61,3
406,0.09,1,0.1,1,6,24,12,3590.06,311.14,42
407,0.67,1,0.0,0,0,2,3,12.0,8.0,3
408,0.67,1,0.0,0,0,0,3,17.41,11.61,3
409,2.0,1,0.0,0,0,3,1,2.38,4.75,1
410,0.04,3,0.76,9,2,86,22,61212.81,2281.97,223
411,0.15,1,0.02,0,0,6,9,424.63,62.91,11
412,0.11,1,0.08,1,1,19,11,2114.77,230.7,31
413,0.15,1,0.04,1,1,9,8,736.09,110.41,19
414,1.0,1,0.0,0,0,0,2,4.75,4.75,2
415,0.67,1,0.0,0,0,0,3,12.0,8.0,3
416,1.0,1,0.0,0,0,0,2,4.75,4.75,2
417,0.08,1,0.15,5,4,27,13,5796.41,445.88,54
418,0.09,3,0.14,1,1,33,14,5016.67,430.0,56
419,0.12,1,0.07,1,0,12,11,1679.37,203.56,27
420,0.21,1,0.01,0,0,0,7,186.03,39.86,8
421,0.67,1,0.0,0,0,0,3,17.41,11.61,3
422,0.67,1,0.0,0,0,0,3,12.0,8.0,3
423,0.08,1,0.14,0,0,24,15,4935.43,418.76,48
424,0.1,1,0.09,3,0,21,13,2658.15,278.83,36
425,0.0,1,0.0,0,0,1,1,0.0,0.0,1
426,0.16,1,0.04,0,0,7,8,813.86,130.8,18
427,0.18,1,0.16,2,1,23,8,2655.37,474.17,59
428,0.0,1,0.0,0,0,1,1,0.0,0.0,1
429,1.0,1,0.0,0,0,0,2,4.75,4.75,2
430,0.29,1,0.02,1,0,9,7,194.27,55.51,9
431,0.4,1,0.01,0,0,0,5,49.13,19.65,5
432,0.67,1,0.0,0,0,0,3,12.0,8.0,3
433,0.0,1,0.0,0,0,1,1,0.0,0.0,1
434,0.42,1,0.02,0,0,5,3,122.4,51.0,9
435,0.2,1,0.17,0,0,24,7,2425.5,495.0,64
436,0.09,3,0.14,5,3,25,13,4401.18,415.0,52
437,0.67,1,0.0,0,0,0,3,17.41,11.61,3
438,0.23,1,0.02,1,0,5,7,242.16,55.35,11
439,0.06,4,0.17,4,0,28,13,8344.83,499.26,69
440,0.5,1,0.01,0,0,0,4,39.3,19.65,4
441,0.4,1,0.01,0,0,3,5,67.5,27.0,6
442,1.0,1,0.0,0,0,0,2,4.75,4.75,2
443,0.67,1,0.0,0,0,0,3,17.41,11.61,3
444,0.4,1,0.01,0,0,2,5,49.13,19.65,5
445,0.0,1,0.0,0,0,1,1,0.0,0.0,1
446,0.23,1,0.03,3,0,5,7,444.89,104.0,15
447,0.67,1,0.0,0,0,2,3,12.0,8.0,3
448,0.4,1,0.01,0,0,2,5,49.13,19.65,5
449,0.67,1,0.0,0,0,0,3,12.0,8.0,3
450,0.33,1,0.03,1,0,11,6,264.0,88.0,12
451,0.06,1,0.32,12,4,48,14,16670.93,952.63,114
452,0.1,1,0.06,1,0,9,13,1842.32,183.4,23
453,0.29,1,0.02,2,0,8,5,220.91,63.12,12
454,0.05,6,0.12,4,0,17,19,6863.63,346.79,45
455,0.4,1,0.01,1,1,3,5,67.5,27.0,6
456,0.02,6,0.71,8,0,43,27,94805.86,2139.72,226
457,0.13,1,0.12,4,0,15,9,2726.93,351.86,43
458,2.0,1,0.0,0,0,3,1,2.38,4.75,1
459,0.16,1,0.03,3,0,12,8,592.07,92.51,17
460,0.04,1,0.1,0,5,19,16,6738.55,300.83,36
461,0.4,1,0.01,0,0,0,5,38.77,15.51,5
462,0.0,1,0.0,0,0,0,0,0.0,0.0,0
463,0.05,7,0.29,9,3,48,18,16666.88,857.35,104
464,0.08,1,0.03,0,0,8,11,1123.8,87.57,16
465,0.1,1,0.07,2,0,14,10,2081.48,208.15,31
466,0.33,1,0.01,0,0,2,6,81.0,27.0,7
467,0.67,1,0.0,0,0,0,3,12.0,8.0,3
468,0.4,1,0.01,0,1,4,5,67.5,27.0,6
469,0.4,1,0.02,0,0,7,3,166.42,66.57,11
470,0.67,1,0.0,0,0,1,3,12.0,8.0,3
471,0.0,1,0.0,0,0,0,0,0.0,0.0,0
472,0.5,1,0.01,2,0,5,4,31.02,15.51,4
473,0.67,1,0.0,0,0,0,3,17.41,11.61,3
474,0.07,1,0.17,2,0,24,18,7408.8,498.25,55
475,0.08,3,0.15,2,0,34,13,5989.62,460.74,57
476,0.0,1,0.0,0,0,1,1,0.0,0.0,1
477,0.4,1,0.01,0,0,2,5,49.13,19.65,5
478,0.67,1,0.0,0,0,3,3,12.0,8.0,3
479,0.08,1,0.21,3,0,35,13,8199.5,630.73,76
480,0.05,5,0.27,5,2,41,20,16084.69,804.23,88
481,0.14,1,0.18,3,0,20,9,3942.93,537.67,60
482,0.67,1,0.0,0,0,0,3,12.0,8.0,3
483,0.67,1,0.0,0,0,1,3,12.0,8.0,3
484,0.29,1,0.01,0,0,3,7,145.3,41.51,8
485,0.0,1,0.0,0,0,0,1,0.0,0.0,1
486,0.08,1,0.18,3,4,26,14,6991.99,546.99,63
487,0.07,3,0.09,3,13,19,14,3783.85,282.03,37
488,0.18,1,0.09,0,0,13,8,1507.89,278.63,37
489,0.03,11,1.27,17,11,179,19,125808.33,3820.09,398
490,0.18,1,0.07,0,0,10,8,1162.0,214.05,29
491,0.16,1,0.09,1,2,23,9,1744.8,271.41,40
492,0.1,1,0.07,2,0,16,11,2015.11,195.4,31
493,0.24,1,0.03,0,0,8,7,331.25,78.87,16
494,0.11,1,0.05,2,1,13,14,1287.66,147.16,23
495,0.33,1,0.01,0,0,0,6,72.0,24.0,6
496,0.02,15,1.1,11,2,137,31,159215.89,3294.79,285
497,0.0,1,0.0,0,0,1,1,0.0,0.0,1
498,0.15,1,0.05,2,0,14,8,937.65,136.74,23
499,0.09,1,0.09,1,0,22,11,3090.09,270.51,32
500,0.13,1,0.08,0,0,14,10,1871.1,236.35,34
501,0.1,3,0.16,6,2,31,13,4894.97,487.28,61
502,0.11,1,0.08,3,3,24,11,2347.15,252.17,33
503,0.4,1,0.02,2,4,5,5,116.27,46.51,9
504,0.13,1,0.08,4,5,16,9,1867.83,237.19,33
505,0.67,1,0.0,0,0,0,3,12.0,8.0,3
506,0.11,1,0.07,1,8,16,14,2018.06,216.22,30
507,0.04,7,0.28,5,2,60,22,22222.67,850.63,97
508,0.04,1,0.32,6,6,60,16,22758.88,948.29,102
509,0.07,1,0.16,4,2,29,12,7120.92,494.51,68
510,0.17,1,0.1,0,0,12,8,1693.64,287.92,37
511,0.0,1,0.0,0,0,0,1,0.0,0.0,1
512,0.2,1,0.01,0,0,0,5,90.47,18.09,5
513,0.4,1,0.01,1,0,4,5,60.0,24.0,5
514,1.0,1,0.0,0,0,0,2,4.75,4.75,2
515,0.67,1,0.0,0,0,0,3,17.41,11.61,3
516,0.04,7,0.12,3,4,35,18,8324.42,355.74,48
517,0.04,8,0.52,9,9,96,20,38702.28,1548.09,155
518,0.67,1,0.0,0,0,0,3,12.0,8.0,3
519,0.67,1,0.0,0,0,0,3,12.0,8.0,3
520,0.15,1,0.03,1,0,10,8,634.56,95.18,15
521,0.5,1,0.0,0,0,0,4,23.22,11.61,4
522,0.06,1,0.3,2,1,60,14,14479.91,902.64,117
523,1.0,1,0.0,0,0,0,2,4.75,4.75,2
524,0.11,1,0.05,1,0,13,11,1404.74,157.17,24
525,0.25,1,0.01,1,3,5,6,139.48,34.87,7
526,0.16,1,0.04,0,0,7,8,813.86,130.8,18
527,0.67,1,0.0,0,0,0,3,12.0,8.0,3
528,0.2,1,0.03,0,0,7,8,500.0,100.0,15
529,0.17,1,0.02,0,0,1,9,344.16,57.36,12
530,0.33,1,0.03,1,0,8,6,252.0,84.0,11
531,0.07,3,0.15,6,0,27,15,6434.3,452.78,53
532,0.67,1,0.0,0,0,0,3,17.41,11.61,3
533,0.0,1,0.0,0,0,1,1,0.0,0.0,1
534,0.67,1,0.0,0,0,2,3,12.0,8.0,3
535,0.5,1,0.01,0,0,11,2,67.38,33.69,2
536,0.67,1,0.0,0,0,0,3,12.0,8.0,3
537,0.04,11,0.69,19,3,94,22,55057.45,2073.59,188
538,0.16,1,0.05,2,1,9,9,936.67,148.68,21
539,0.09,1,0.16,4,7,33,13,5624.8,478.22,56
540,0.0,1,0.0,0,0,1,1,0.0,0.0,1
541,0.15,1,0.07,0,0,19,10,1301.39,199.04,27
542,0.29,1,0.02,0,0,0,7,207.22,59.21,10
543,0.31,1,0.04,2,0,6,6,361.18,110.36,15
544,0.67,1,0.0,0,0,0,3,17.41,11.61,3
545,0.07,1,0.19,6,0,39,11,7924.63,568.75,83
546,0.07,1,0.12,1,0,20,15,5407.39,372.92,47
547,0.4,1,0.01,0,0,0,5,99.66,39.86,7
548,0.17,1,0.08,0,0,18,9,1423.11,237.19,38
549,0.03,8,0.42,13,10,70,23,38352.97,1259.9,126
550,0.11,1,0.1,3,2,18,11,2605.92,296.13,39
551,0.67,1,0.0,0,0,0,3,12.0,8.0,3
552,0.14,1,0.09,3,1,16,9,1834.9,265.93,35
553,0.24,1,0.03,0,0,4,6,392.63,95.18,14
554,0.0,1,0.0,0,0,0,0,0.0,0.0,0
555,0.13,1,0.04,0,0,14,9,937.65,125.02,22
556,0.33,1,0.02,1,0,4,6,150.57,50.19,8
557,0.05,6,0.24,5,1,39,19,15107.52,717.18,82
558,0.0,1,0.0,0,1,1,1,0.0,0.0,1
559,0.08,1,0.09,2,0,22,12,3472.18,278.63,33
560,0.67,1,0.0,0,0,0,3,17.41,11.61,3
561,0.06,1,0.09,3,0,19,16,4564.69,261.51,31
562,0.5,1,0.0,0,0,0,4,23.22,11.61,4
563,0.33,1,0.01,0,0,2,6,81.0,27.0,7
564,0.17,1,0.03,1,0,8,8,593.95,98.99,17
565,0.12,1,0.07,1,1,10,9,1697.34,207.45,28
566,0.0,1,0.0,0,0,1,1,0.0,0.0,1
567,0.0,1,0.01,0,0,2,6,0.0,15.51,6
568,0.0,1,0.0,0,0,0,0,0.0,0.0,0
569,0.05,3,0.42,8,5,76,18,24453.88,1248.4,145
570,0.67,1,0.0,0,0,0,3,12.0,8.0,3
571,0.67,1,0.0,0,0,0,3,12.0,8.0,3
572,0.67,1,0.0,0,0,0,3,12.0,8.0,3
573,0.67,1,0.0,0,0,0,3,12.0,8.0,3
574,0.04,7,0.43,11,2,41,19,33184.0,1300.6,132
575,0.67,1,0.0,0,0,2,3,12.0,8.0,3
576,0.05,5,0.17,10,0,30,21,9619.48,508.97,59
577,0.24,1,0.03,0,0,5,6,424.04,102.8,16
578,0.0,1,0.0,0,0,0,0,0.0,0.0,0
579,0.4,1,0.01,0,0,1,5,79.25,31.7,6
580,0.67,1,0.0,0,0,0,3,12.0,8.0,3
581,0.1,7,0.08,1,0,14,10,2307.76,240.81,31
582,0.67,1,0.0,0,0,2,3,17.41,11.61,3
583,0.29,1,0.02,0,0,0,7,239.86,68.53,11
584,0.11,1,0.05,3,1,15,10,1320.0,144.0,25
585,0.67,1,0.0,0,0,0,3,12.0,8.0,3
586,0.67,1,0.0,0,0,0,3,12.0,8.0,3
587,0.08,1,0.05,0,0,7,14,1966.61,160.54,22
588,0.13,1,0.06,3,1,18,9,1462.35,191.16,28
589,0.07,3,0.18,2,0,35,13,7472.51,534.71,63
590,0.67,1,0.0,0,0,0,3,12.0,8.0,3
591,0.4,1,0.01,0,0,0,5,99.66,39.86,7
592,0.06,7,0.2,3,2,34,21,11072.86,613.12,68
593,0.09,1,0.08,1,8,21,9,2666.24,250.67,32
594,0.06,1,0.32,4,1,58,18,15553.76,945.11,101
595,0.05,7,0.37,19,11,71,21,22125.51,1109.05,111
596,0.24,1,0.04,0,0,10,7,566.52,134.89,21
597,0.09,1,0.08,1,0,19,12,2688.1,237.19,37
598,0.02,11,0.74,23,22,112,27,95460.74,2206.2,240
599,0.67,1,0.0,0,0,0,3,12.0,8.0,3
600,0.07,1,0.05,1,0,11,11,1880.19,136.74,25
601,0.11,1,0.08,1,1,18,11,2114.77,230.7,31
602,0.05,1,0.22,10,0,28,18,13396.54,674.04,72
603,0.12,1,0.09,2,1,22,11,2247.63,260.06,34
604,0.04,1,0.2,4,0,46,19,15946.3,610.38,75
605,0.15,1,0.04,1,0,10,10,831.38,120.93,18
606,0.67,1,0.0,0,0,0,3,12.0,8.0,3
607,0.67,1,0.0,0,0,3,3,12.0,8.0,3
608,0.15,1,0.04,0,1,11,10,831.38,120.93,18
609,0.18,1,0.04,0,0,6,8,723.9,129.27,17
610,0.11,1,0.1,6,2,18,11,2605.92,296.13,39
611,0.14,1,0.09,3,1,16,9,1834.9,265.93,35
612,0.5,1,0.0,0,0,0,4,23.22,11.61,4
613,0.12,1,0.05,1,0,14,10,1200.0,144.0,26
614,0.67,1,0.0,0,0,0,3,12.0,8.0,3
615,0.5,1,0.0,0,0,0,4,23.22,11.61,4
616,0.22,1,0.04,0,0,5,6,479.73,106.61,16
617,0.67,1,0.0,0,0,0,3,17.41,11.61,3
618,0.11,1,0.08,3,1,17,10,2276.02,250.36,37
619,0.29,1,0.02,0,0,2,7,188.21,53.77,10
620,0.4,1,0.01,0,0,0,5,38.77,15.51,5
621,0.11,1,0.06,0,0,10,11,1736.95,182.84,22
622,0.67,1,0.0,0,0,0,3,17.41,11.61,3
623,0.09,5,0.08,2,2,19,12,2456.25,227.43,33
624,0.09,3,0.6,1,1,71,12,19613.39,1801.23,200
625,0.67,1,0.0,0,0,0,3,12.0,8.0,3
626,1.0,1,0.0,0,0,0,2,4.75,4.75,2
627,0.67,1,0.0,0,0,0,3,12.0,8.0,3
628,0.67,1,0.0,0,0,0,3,17.41,11.61,3
629,0.33,1,0.02,0,0,6,6,194.18,64.73,9
630,0.05,11,0.31,6,1,53,17,20423.25,936.66,117
631,0.67,1,0.01,0,0,3,3,23.26,15.51,3
632,0.27,1,0.02,0,3,6,5,213.97,57.06,12
633,0.12,1,0.08,0,0,18,13,2155.12,252.62,31
634,0.03,3,0.49,8,0,40,31,51502.32,1480.78,148
635,0.67,1,0.0,0,0,2,3,12.0,8.0,3
636,0.4,1,0.01,0,0,1,5,79.25,31.7,6
637,0.19,1,0.02,0,0,5,7,272.43,51.89,9
638,0.5,1,0.0,0,0,2,4,23.22,11.61,4
639,1.0,1,0.0,0,0,0,2,13.93,13.93,3
640,0.67,1,0.0,0,0,0,3,12.0,8.0,3
641,0.33,1,0.01,0,0,2,6,81.0,27.0,7
642,0.28,1,0.02,0,0,6,6,211.72,58.81,11
643,0.5,1,0.0,0,0,2,4,23.22,11.61,4
644,0.4,1,0.01,0,0,0,5,38.77,15.51,5
645,0.1,3,0.12,5,0,22,14,3462.31,348.06,42
646,2.0,1,0.0,0,0,2,1,1.0,2.0,1
647,0.04,8,0.37,8,1,26,27,31758.83,1123.58,124
648,0.0,1,0.0,0,0,0,0,0.0,0.0,0
649,0.1,1,0.12,3,0,30,12,3600.62,364.35,47
650,0.67,1,0.01,0,0,3,3,37.9,25.27,5
651,0.33,1,0.02,0,0,3,6,150.57,50.19,8
652,0.04,10,0.82,25,26,123,22,67213.15,2467.62,229
653,0.33,1,0.01,0,0,4,6,85.59,28.53,6
654,0.2,1,0.03,0,0,4,10,380.0,76.0,13
655,0.67,1,0.0,0,0,2,3,17.41,11.61,3
656,0.13,1,0.07,4,5,16,9,1679.66,216.1,31
657,0.5,1,0.0,0,0,2,4,23.22,11.61,4
658,0.67,1,0.0,0,0,0,3,12.0,8.0,3
659,0.0,1,0.0,0,0,1,1,0.0,0.0,1
660,0.0,1,0.0,0,0,1,1,0.0,0.0,1
661,0.4,1,0.02,0,0,5,5,166.52,66.61,10
662,0.12,1,0.04,3,0,8,10,933.33,112.0,18
663,0.5,1,0.0,0,0,2,4,23.22,11.61,4
664,0.67,1,0.0,0,0,0,3,12.0,8.0,3
665,0.25,1,0.01,0,0,3,4,113.74,28.43,7
666,0.4,1,0.01,1,0,5,4,90.0,36.0,7
667,0.22,1,0.03,0,1,5,7,394.06,87.57,14
668,0.4,1,0.01,0,0,2,5,75.0,30.0,7
669,0.05,3,0.21,1,0,32,14,13473.84,630.55,67
670,0.08,1,0.13,7,11,25,13,4914.15,403.21,53
671,0.0,1,0.0,0,0,0,1,0.0,0.0,1
672,0.23,1,0.02,1,0,4,7,227.03,51.89,10
673,0.67,1,0.0,0,0,0,3,12.0,8.0,3
674,0.67,1,0.0,0,0,0,3,12.0,8.0,3
675,0.1,1,0.11,1,3,18,10,3139.06,325.53,44
676,0.1,1,0.08,1,0,20,10,2389.82,250.36,36
677,0.1,1,0.1,5,0,19,10,2898.93,289.89,44
678,0.67,1,0.0,0,0,0,3,17.41,11.61,3
679,0.67,1,0.0,0,0,0,3,12.0,8.0,3
680,0.33,1,0.03,0,0,12,6,294.3,98.1,13
681,0.67,1,0.0,0,0,0,3,17.41,11.61,3
682,1.0,1,0.0,0,0,2,2,8.0,8.0,2
683,0.17,1,0.03,3,0,12,8,548.26,91.38,15
684,0.34,1,0.02,2,0,5,5,171.53,58.81,10
685,0.67,1,0.0,0,0,0,3,12.0,8.0,3
686,0.0,1,0.0,0,0,1,1,0.0,0.0,1
687,0.23,1,0.16,1,2,30,7,2021.62,465.29,54
688,0.4,1,0.01,1,0,3,5,60.0,24.0,5
689,0.0,1,0.0,0,0,1,1,0.0,0.0,1
690,0.4,1,0.01,0,0,0,5,60.0,24.0,5
691,0.0,1,0.0,0,0,1,1,0.0,0.0,1
692,0.29,1,0.01,0,0,2,7,99.85,28.53,7
693,0.38,1,0.01,4,3,5,4,119.78,44.92,12
694,0.4,1,0.07,1,0,12,5,558.7,223.48,25
695,0.09,1,0.11,1,0,21,14,3595.9,326.9,46
696,0.03,12,0.43,13,23,81,26,40708.58,1304.76,136
697,0.67,1,0.0,0,0,2,3,17.41,11.61,3
698,0.67,1,0.0,0,0,0,3,12.0,8.0,3
699,1.0,1,0.0,0,0,0,2,4.75,4.75,2
700,0.06,6,0.82,15,2,97,18,44415.05,2467.5,242
701,0.14,1,0.09,2,0,12,9,1930.48,275.78,30
702,0.0,1,0.0,0,0,1,1,0.0,0.0,1
703,0.67,1,0.0,0,0,0,3,12.0,8.0,3
704,0.2,1,0.05,1,0,8,7,781.11,159.41,25
705,0.14,1,0.13,3,0,22,11,2805.82,394.95,46
706,0.08,4,0.14,6,2,34,13,5316.29,423.05,59
707,0.33,1,0.03,1,0,8,6,252.0,84.0,11
708,0.04,6,0.42,9,2,72,24,34067.01,1246.35,129
709,0.0,1,0.0,0,0,1,1,0.0,0.0,1
710,0.04,1,0.4,4,5,73,18,26954.95,1190.32,134
711,0.0,1,0.0,0,0,1,1,0.0,0.0,1
712,0.0,1,0.0,0,0,1,1,0.0,0.0,1
713,0.67,1,0.0,0,0,0,3,12.0,8.0,3
714,0.15,1,0.03,1,0,10,8,634.56,95.18,15
715,0.67,1,0.0,0,0,0,3,12.0,8.0,3
716,0.23,1,0.14,3,1,16,7,1848.73,433.4,43
717,0.5,1,0.0,0,0,2,4,23.22,11.61,4
718,0.07,1,0.09,0,0,17,13,4192.89,280.46,39
719,0.67,1,0.0,0,0,0,3,12.0,8.0,3
720,1.0,1,0.01,0,0,0,2,20.68,20.68,4
721,0.06,1,0.24,7,0,45,18,11604.88,733.21,81
722,0.4,1,0.02,2,4,5,5,116.27,46.51,9
723,0.4,1,0.01,0,0,3,5,60.0,24.0,5
724,0.22,1,0.01,0,0,5,6,135.0,30.0,7
725,0.06,3,0.17,6,1,32,15,8233.66,508.75,59
726,0.67,1,0.0,0,0,0,3,12.0,8.0,3
727,0.18,1,0.1,0,0,13,8,1671.27,300.83,39
728,0.1,7,0.16,1,1,20,12,4656.0,485.0,65
729,0.17,1,0.04,0,0,8,7,799.54,133.26,23
730,0.67,1,0.0,0,0,0,3,12.0,8.0,3
731,0.4,1,0.01,0,0,4,5,91.35,36.54,6
732,0.06,4,0.37,13,6,70,16,18960.71,1117.33,129
733,0.07,1,0.11,5,4,26,13,4585.09,341.32,40
734,0.07,1,0.08,3,0,20,9,3145.3,232.99,33
735,0.14,1,0.09,1,1,16,9,1855.31,262.37,36
736,0.33,1,0.01,0,0,3,6,81.0,27.0,7
737,0.67,1,0.0,0,0,2,3,12.0,8.0,3
738,0.05,3,0.19,2,0,35,18,10553.84,572.02,68
739,0.4,1,0.01,0,0,0,5,49.13,19.65,5
740,0.05,5,0.28,5,4,52,15,16252.03,842.7,109
741,0.03,4,0.6,4,2,56,28,59984.29,1795.45,186
742,0.29,1,0.04,0,0,9,7,379.46,108.42,15
743,0.67,1,0.0,0,0,0,3,12.0,8.0,3
744,0.67,1,0.0,0,0,0,3,12.0,8.0,3
745,0.22,1,0.03,0,0,6,7,411.19,91.38,15
746,0.11,1,0.05,2,1,13,14,1287.66,147.16,23
747,0.07,1,0.2,4,1,50,10,8849.14,599.46,59
748,0.16,1,0.03,2,0,12,8,592.07,92.51,17
749,0.67,1,0.0,0,0,0,3,17.41,11.61,3
750,0.16,1,0.03,0,1,10,8,544.7,85.11,15
751,0.08,1,0.11,6,1,28,14,4184.99,344.92,45
752,0.12,1,0.05,1,1,13,13,1142.0,140.55,22
753,0.0,1,0.0,0,0,0,1,0.0,0.0,1
754,0.2,1,0.02,0,0,5,8,268.87,53.77,10
755,0.67,1,0.0,0,0,0,3,12.0,8.0,3
756,0.16,1,0.03,0,0,12,7,654.97,103.96,20
757,0.67,1,0.0,0,0,0,3,12.0,8.0,3
758,0.33,1,0.04,1,0,4,6,325.25,108.42,14
759,0.67,1,0.0,0,0,0,3,17.41,11.61,3
760,1.0,1,0.0,0,0,1,2,8.0,8.0,2
761,0.0,1,0.0,0,0,0,1,0.0,0.0,1
762,0.19,1,0.01,0,0,5,7,183.06,34.87,8
763,0.67,1,0.0,1,0,3,3,17.41,11.61,3
764,0.29,1,0.01,0,2,2,7,84.0,24.0,7
765,0.11,1,0.13,2,1,28,10,3356.39,380.39,50
766,0.5,1,0.0,0,0,2,4,23.22,11.61,4
767,0.0,1,0.0,0,0,1,1,0.0,0.0,1
768,0.16,1,0.09,0,0,15,10,1797.96,279.68,43
769,0.0,1,0.0,0,0,0,0,0.0,0.0,0
770,0.17,1,0.05,0,0,14,10,959.47,159.91,25
771,0.5,1,0.0,0,0,0,4,23.22,11.61,4
772,0.67,1,0.0,0,0,2,3,12.0,8.0,3
773,0.14,1,0.03,2,1,10,10,711.05,101.58,19
774,2.0,1,0.0,0,0,6,1,5.8,11.61,1
775,0.02,22,0.93,24,6,113,30,130658.97,2799.84,270
776,0.31,1,0.04,2,0,9,6,393.02,120.93,16
777,0.09,1,0.06,2,0,11,14,1921.01,176.42,25
778,0.19,1,0.05,0,0,9,7,738.4,140.65,24
779,0.13,1,0.18,4,1,21,9,4095.2,529.1,61
780,0.14,1,0.04,2,0,15,10,905.08,126.71,21
781,0.0,1,0.0,0,0,0,0,0.0,0.0,0
782,0.07,8,0.18,1,0,19,13,8017.24,545.0,66
783,0.67,1,0.0,0,0,0,3,12.0,8.0,3
784,0.4,1,0.01,0,0,1,5,79.25,31.7,6
785,0.11,1,0.1,1,2,17,11,2800.68,305.53,40
786,0.06,6,0.42,5,8,86,18,22482.47,1264.07,131
787,0.07,1,0.28,9,2,58,15,11840.44,845.75,98
788,0.67,1,0.0,0,0,2,3,12.0,8.0,3
789,0.11,3,0.06,1,0,10,11,1518.63,169.92,27
790,0.0,1,0.0,0,0,1,1,0.0,0.0,1
791,0.38,1,0.01,0,0,3,4,82.35,30.88,7
792,0.33,1,0.01,0,0,4,6,95.1,31.7,7
793,0.1,1,0.07,2,0,14,9,2057.13,200.0,34
794,0.07,3,0.19,2,0,28,13,8458.55,575.0,72
795,0.03,7,0.77,9,7,108,21,88254.54,2309.82,265
796,0.15,1,0.03,1,0,9,8,634.56,95.18,15
797,0.5,1,0.01,0,0,1,3,46.53,23.26,5
798,0.08,1,0.2,4,0,27,14,7254.53,602.54,71
799,0.0,1,0.0,0,0,0,0,0.0,0.0,0
800,0.27,1,0.06,2,0,13,7,639.24,171.9,21
801,1.0,1,0.0,0,0,0,2,4.75,4.75,2
802,0.05,10,0.37,7,2,79,16,21323.71,1100.03,141
803,0.4,1,0.01,0,0,1,5,79.25,31.7,6
804,0.67,1,0.0,0,0,0,3,12.0,8.0,3
805,0.22,1,0.01,0,0,3,6,121.5,27.0,6
806,0.33,1,0.01,1,0,6,6,109.62,36.54,7
807,0.67,1,0.01,0,0,0,3,37.9,25.27,5
808,0.33,1,0.01,0,0,2,6,67.38,22.46,7
809,0.27,1,0.02,0,0,5,6,174.4,46.51,9
810,1.0,1,0.0,0,0,0,2,4.75,4.75,2
811,0.4,1,0.01,0,0,0,5,38.77,15.51,5
812,0.1,1,0.07,3,0,10,14,1981.69,204.46,25
813,0.06,7,0.25,11,4,43,19,12760.86,740.16,85
814,0.4,1,0.01,0,0,1,5,79.25,31.7,6
815,0.4,1,0.01,1,0,4,5,60.0,24.0,5
816,0.04,8,0.42,10,6,53,21,29746.87,1269.98,128
817,0.21,1,0.14,0,0,19,7,1994.29,427.35,48
818,0.67,1,0.0,0,0,0,3,12.0,8.0,3
819,0.07,1,0.14,2,1,34,13,5682.93,423.05,57
820,0.67,1,0.0,0,0,0,3,12.0,8.0,3
821,0.05,5,0.3,5,4,53,15,17006.5,890.82,115
822,0.67,1,0.0,0,0,0,3,17.41,11.61,3
823,0.09,1,0.12,1,3,17,11,4079.69,370.88,46
824,0.0,1,0.0,0,0,1,1,0.0,0.0,1
825,0.09,1,0.05,0,0,9,11,1743.03,158.46,24
826,0.43,1,0.04,0,0,7,4,292.41,126.71,16
827,0.14,1,0.04,1,2,11,9,836.91,114.45,15
828,0.67,1,0.0,0,0,0,3,17.41,11.61,3
829,0.67,1,0.0,0,0,0,3,12.0,8.0,3
830,0.11,1,0.08,2,0,21,11,2381.95,254.75,41
831,0.04,3,0.21,7,0,33,19,14713.79,642.91,67
832,0.16,1,0.03,3,0,12,8,592.07,92.51,17
833,0.4,1,0.01,0,0,3,5,91.35,36.54,6
834,0.21,1,0.04,1,0,6,7,564.06,117.21,19
835,0.67,1,0.0,0,0,0,3,12.0,8.0,3
836,0.11,1,0.08,1,1,19,11,2114.77,230.7,31
837,0.34,1,0.01,0,0,6,5,131.17,44.97,6
838,0.0,1,0.0,0,0,0,0,0.0,0.0,0
839,0.18,1,0.1,0,0,12,8,1619.04,291.43,37
840,0.18,1,0.11,0,0,13,8,1857.56,331.71,41
841,0.0,1,0.0,0,0,1,1,0.0,0.0,1
842,0.0,1,0.0,0,0,0,1,0.0,0.0,1
843,0.29,1,0.02,0,3,7,7,233.13,66.61,12
844,0.33,1,0.03,1,0,8,6,252.0,84.0,11
845,0.25,1,0.01,0,0,7,6,164.84,41.21,9
846,0.27,1,0.02,0,0,5,6,174.4,46.51,9
847,0.16,1,0.03,1,0,8,7,546.12,85.11,12
848,0.67,1,0.0,0,0,2,3,12.0,8.0,3
849,0.08,3,0.23,1,1,37,13,8293.01,682.43,89
850,0.67,1,0.0,0,0,0,3,12.0,8.0,3
851,0.4,1,0.01,0,0,1,5,79.25,31.7,6
852,0.0,1,0.0,0,0,0,0,0.0,0.0,0
853,0.67,1,0.0,0,0,0,3,12.0,8.0,3
854,0.21,1,0.05,0,0,12,8,680.53,141.78,22
855,0.08,3,0.31,3,1,44,15,11648.46,926.43,108
856,0.06,4,0.11,2,0,22,16,5809.61,332.84,46
857,0.67,1,0.0,0,0,0,3,12.0,8.0,3
858,0.22,1,0.01,0,0,4,3,90.0,20.0,7
859,0.06,4,0.11,2,0,22,15,5461.06,333.73,47
860,0.1,1,0.15,3,2,29,13,4534.29,451.38,54
861,0.67,1,0.0,0,0,0,3,12.0,8.0,3
862,0.38,1,0.02,2,0,6,4,141.74,53.15,8
863,0.67,1,0.0,0,0,0,3,17.41,11.61,3
864,0.67,1,0.0,0,0,1,3,12.0,8.0,3
865,0.09,1,0.19,4,2,35,11,6423.73,569.73,74
866,0.0,1,0.0,0,0,2,5,0.0,11.61,5
867,0.67,1,0.0,0,0,0,3,12.0,8.0,3
868,0.04,11,0.54,18,1,45,23,40253.51,1608.25,148
869,0.1,1,0.08,1,0,20,10,2389.82,250.36,36
870,1.0,1,0.0,0,0,2,2,8.0,8.0,2
871,0.67,1,0.0,0,0,0,3,12.0,8.0,3
872,0.29,1,0.02,0,0,4,7,175.66,50.19,9
873,0.09,1,0.16,3,0,38,12,5529.0,485.0,59
874,0.27,1,0.04,2,0,9,6,414.05,110.41,19
875,0.67,1,0.01,0,0,0,3,27.14,18.09,4
876,0.21,1,0.02,2,2,6,8,337.59,72.34,12
877,0.08,1,0.09,1,0,22,12,3472.18,278.63,33
878,0.4,1,0.01,0,0,0,5,99.66,39.86,7
879,0.0,1,0.0,1,0,1,1,0.0,0.0,1
880,0.05,3,0.32,4,0,44,16,20870.83,963.27,116
881,1.0,1,0.0,0,0,0,2,4.75,4.75,2
882,0.0,1,0.0,0,0,0,1,0.0,0.0,1
883,0.08,1,0.06,1,0,6,13,2194.79,180.09,26
884,0.4,1,0.01,0,0,4,5,67.5,27.0,6
885,0.12,1,0.13,4,0,22,11,3327.5,385.0,44
886,0.17,1,0.05,0,0,14,10,959.47,159.91,25
887,0.27,1,0.01,0,0,3,5,105.28,28.07,7
888,0.04,16,0.7,13,1,109,19,53276.94,2086.73,215
889,0.06,6,0.26,5,2,52,18,13794.44,766.36,100
890,0.1,1,0.06,1,0,20,11,1731.04,171.67,31
891,0.22,1,0.04,0,0,5,6,479.73,106.61,16
892,0.31,1,0.04,2,0,9,6,393.02,120.93,16
893,0.28,1,0.02,0,0,6,6,199.26,55.35,10
894,0.05,8,0.24,2,3,44,17,14362.87,713.45,93
895,0.31,1,0.04,2,0,10,6,425.45,131.69,17
896,0.67,1,0.0,0,0,0,3,12.0,8.0,3
897,2.0,1,0.0,0,0,3,1,1.0,2.0,1
898,0.06,3,0.11,3,0,19,19,5074.74,320.51,38
899,0.03,10,0.66,12,0,95,20,66290.05,1988.7,194
900,0.22,1,0.03,0,0,6,7,411.19,91.38,15
901,0.67,1,0.0,0,0,0,3,12.0,8.0,3
902,0.33,1,0.01,0,0,2,6,67.38,22.46,7
903,0.67,1,0.0,0,0,2,3,12.0,8.0,3
904,0.67,1,0.0,0,0,2,3,12.0,8.0,3
905,0.67,1,0.0,0,0,0,3,12.0,8.0,3
906,0.06,1,0.38,5,2,48,17,17523.69,1132.43,124
907,0.0,1,0.0,0,0,0,0,0.0,0.0,0
908,0.27,1,0.01,1,0,4,5,94.75,25.27,6
909,0.0,1,0.0,0,0,1,1,0.0,0.0,1
910,0.13,1,0.04,1,0,11,9,908.35,121.11,21
911,0.5,1,0.01,0,0,4,4,44.92,22.46,5
912,0.67,1,0.0,0,0,0,3,12.0,8.0,3
913,1.0,1,0.0,0,0,0,2,4.75,4.75,2
914,0.06,1,0.24,4,4,49,13,11291.12,713.45,82
915,0.67,1,0.0,0,0,2,3,12.0,8.0,3
916,0.22,1,0.05,0,0,6,7,650.93,143.06,22
917,0.18,1,0.11,0,0,13,8,1857.56,331.71,41
918,0.13,1,0.1,4,1,19,10,2414.81,301.85,41
919,0.17,1,0.07,2,0,16,9,1212.28,202.05,30
920,0.08,1,0.16,5,8,38,14,5786.67,480.0,65
921,0.67,1,0.0,0,0,0,3,12.0,8.0,3
922,0.67,1,0.0,0,0,0,3,17.41,11.61,3
923,0.0,1,0.0,0,0,0,0,0.0,0.0,0
924,0.15,1,0.04,1,0,8,11,788.52,114.69,17
925,0.13,1,0.03,1,0,12,10,780.0,104.0,17
926,0.21,3,0.03,1,0,10,8,373.0,77.71,15
927,0.67,1,0.0,0,0,2,3,12.0,8.0,3
928,0.67,1,0.0,0,0,0,3,12.0,8.0,3
929,0.67,1,0.0,0,0,0,3,17.41,11.61,3
930,0.06,7,0.2,3,2,34,21,11072.86,613.12,68
931,0.67,1,0.0,0,0,0,3,17.41,11.61,3
932,0.4,1,0.01,0,1,4,5,67.5,27.0,6
933,0.27,1,0.02,0,1,4,6,199.32,53.15,11
934,0.4,1,0.01,0,0,1,5,79.25,31.7,6
935,1.0,1,0.0,0,0,0,2,4.75,4.75,2
936,0.0,1,0.0,0,0,1,1,0.0,0.0,1
937,2.0,1,0.0,0,0,5,1,4.0,8.0,1
938,0.23,1,0.02,1,0,4,7,227.03,51.89,10
939,0.14,1,0.06,0,0,17,10,1240.39,177.2,27
940,0.67,1,0.0,0,0,0,3,12.0,8.0,3
941,0.67,1,0.0,0,0,0,3,12.0,8.0,3
942,0.0,1,0.0,0,0,0,0,0.0,0.0,0
943,1.0,1,0.0,0,0,2,2,8.0,8.0,2
944,0.03,11,1.16,18,5,88,25,116258.98,3493.67,330
945,0.07,1,0.19,2,1,43,14,7847.16,574.88,74
946,0.67,1,0.0,0,0,0,3,12.0,8.0,3
947,0.1,1,0.13,8,6,25,13,3942.99,376.52,47
948,0.05,5,0.31,5,4,55,15,18860.59,922.07,117
949,0.5,1,0.01,1,17,2,4,31.02,15.51,4
950,0.14,1,0.05,1,0,7,9,1131.65,157.17,21
951,0.13,3,0.06,2,0,18,11,1534.04,191.76,27
952,0.15,1,0.04,3,0,13,8,736.09,110.41,19
953,0.67,1,0.0,0,0,0,3,12.0,8.0,3
954,0.05,8,0.3,8,0,61,15,16361.74,894.08,107
955,0.07,3,0.13,6,1,29,14,5576.53,384.59,51
956,0.26,1,0.04,2,0,4,7,409.16,106.27,15
957,0.67,1,0.0,0,0,0,3,12.0,8.0,3
958,1.0,1,0.0,0,0,0,2,4.75,4.75,2
959,0.09,1,0.06,1,0,10,11,1962.54,178.41,26
960,0.33,1,0.02,1,0,4,6,150.57,50.19,8
961,0.0,1,0.0,0,0,1,1,0.0,0.0,1
962,0.11,1,0.06,0,0,13,11,1584.75,180.09,25
963,0.19,1,0.03,4,0,11,8,406.12,76.15,12
964,0.21,1,0.03,0,0,5,7,379.91,81.41,14
965,0.67,1,0.0,0,0,0,3,12.0,8.0,3
966,0.19,1,0.05,0,0,8,8,737.24,141.78,21
967,0.12,1,0.11,2,0,14,9,2575.6,315.78,39
968,0.14,1,0.04,2,0,14,9,933.43,132.0,22
969,0.0,1,0.0,0,0,1,1,0.0,0.0,1
970,0.67,1,0.0,0,0,0,3,12.0,8.0,3
971,0.18,1,0.03,1,0,4,7,441.67,78.87,14
972,0.04,3,0.36,8,0,43,28,27017.88,1066.5,98
973,0.67,1,0.0,0,0,0,3,12.0,8.0,3
974,0.2,1,0.04,2,1,7,8,560.0,112.0,18
975,0.29,1,0.01,0,0,2,7,127.89,36.54,8
976,0.06,1,0.15,2,3,24,15,7345.59,450.0,53
977,0.67,1,0.0,0,0,0,3,17.41,11.61,3
978,0.17,1,0.04,1,0,10,8,708.49,122.62,17
979,0.67,1,0.0,0,0,2,3,12.0,8.0,3
980,0.04,8,0.34,10,7,49,17,24862.57,1029.93,120
981,0.09,1,0.09,1,0,22,11,3090.09,270.51,32
982,0.0,1,0.0,0,0,0,0,0.0,0.0,0
983,0.02,7,0.33,6,0,35,23,49145.34,995.2,114
984,0.5,1,0.01,0,0,4,4,69.74,34.87,6
985,0.0,1,0.0,0,0,0,4,0.0,8.0,4
986,0.4,1,0.01,0,0,0,5,79.25,31.7,6
987,0.12,3,0.04,0,0,7,10,900.0,108.0,17
988,0.67,1,0.0,0,21,3,3,12.0,8.0,3
989,0.67,1,0.0,0,0,0,3,12.0,8.0,3
990,0.29,1,0.01,0,0,0,7,127.89,36.54,8
991,0.05,10,0.59,18,24,88,23,39004.08,1757.5,168
992,0.09,1,0.18,5,0,26,13,6040.05,548.01,67
993,0.09,1,0.19,3,0,41,12,6563.25,559.09,64
994,0.21,1,0.03,1,0,5,7,379.91,81.41,14
995,0.33,1,0.01,0,0,2,6,109.62,36.54,7
996,0.4,1,0.01,0,0,0,5,79.25,31.7,6
997,0.0,1,0.0,0,0,0,0,0.0,0.0,0
998,0.4,1,0.01,0,0,4,5,67.5,27.0,6
999,0.05,8,0.24,2,3,44,17,14362.87,713.45,93
1000,0.04,5,0.98,35,44,198,17,80852.59,2948.19,310
1001,0.06,9,0.16,1,1,32,15,8184.35,485.0,75
1002,0.67,1,0.0,0,0,0,3,12.0,8.0,3
1003,0.05,5,0.17,5,4,29,20,9417.11,498.55,61
1004,0.5,1,0.01,0,0,2,4,31.02,15.51,4
1005,0.1,5,0.14,4,3,33,15,4262.28,416.76,50
1006,0.07,1,0.12,2,0,31,12,5182.54,362.22,47
1007,0.22,1,0.01,0,0,5,6,135.0,30.0,7
1008,0.4,1,0.01,0,0,2,5,49.13,19.65,5
1009,0.0,1,0.0,0,0,1,1,0.0,0.0,1
1010,0.27,1,0.02,0,4,6,5,213.97,57.06,12
1011,0.0,1,0.0,0,0,0,0,0.0,0.0,0
1012,0.07,5,0.15,0,0,26,12,6679.22,456.7,56
1013,0.33,1,0.01,0,0,2,6,85.59,28.53,6
1014,0.67,1,0.0,0,0,2,3,12.0,8.0,3
1015,0.67,1,0.0,0,0,0,3,12.0,8.0,3
1016,0.0,1,0.0,0,0,0,0,0.0,0.0,0
1017,0.67,1,0.0,0,0,0,3,12.0,8.0,3
1018,0.06,1,0.32,2,2,58,16,17326.76,954.44,118
1019,0.18,1,0.03,0,0,8,7,460.69,83.76,11
1020,0.67,1,0.0,0,0,0,3,12.0,8.0,3
1021,0.67,1,0.0,0,0,0,3,12.0,8.0,3
1022,0.12,1,0.12,0,0,21,11,3238.55,372.92,46
1023,0.1,1,0.13,2,1,25,11,3686.11,379.78,49
1024,0.4,1,0.01,0,0,2,5,49.13,19.65,5
1025,0.05,7,0.35,20,11,70,21,20664.58,1051.43,105
1026,0.07,6,0.26,5,2,37,16,11436.73,769.78,89
1027,0.1,1,0.24,2,0,31,10,7209.3,734.53,88
1028,0.4,1,0.01,1,0,4,5,60.0,24.0,5
1029,0.09,1,0.07,2,2,14,12,2202.02,206.44,31
1030,0.67,1,0.0,0,0,2,3,12.0,8.0,3
1031,0.13,1,0.12,5,0,15,9,2726.93,351.86,43
1032,0.12,1,0.09,0,0,13,10,2155.65,266.89,38
1033,0.67,1,0.0,0,0,0,3,12.0,8.0,3
1034,0.67,1,0.0,0,0,0,3,12.0,8.0,3
1035,0.67,1,0.0,0,0,0,3,12.0,8.0,3
1036,0.5,1,0.0,0,0,2,4,23.22,11.61,4
1037,0.67,1,0.0,0,0,0,3,12.0,8.0,3
1038,0.42,1,0.01,1,0,7,4,76.08,31.7,4
1039,0.23,3,0.07,2,0,20,7,969.74,221.65,29
1040,0.67,1,0.0,0,0,0,3,12.0,8.0,3
1041,0.67,1,0.0,0,0,0,3,12.0,8.0,3
1042,0.16,1,0.03,1,0,8,8,592.07,92.51,17
1043,0.67,1,0.0,0,2,2,3,17.41,11.61,3
1044,0.29,1,0.02,0,0,0,7,239.86,68.53,11
1045,0.67,1,0.0,0,0,2,3,17.41,11.61,3
1046,0.16,1,0.03,2,0,12,8,592.07,92.51,17
1047,0.04,1,0.22,6,3,45,20,17479.25,645.97,78
1048,0.4,1,0.01,2,6,3,5,60.0,24.0,5
1049,0.0,1,0.0,0,0,1,1,0.0,0.0,1
1050,0.0,1,0.0,0,0,0,0,0.0,0.0,0
1051,0.5,1,0.01,0,0,2,4,54.0,27.0,5
1052,0.11,1,0.1,1,0,24,11,2757.59,300.83,39
1053,0.33,1,0.01,0,0,2,6,85.59,28.53,6
1054,0.33,1,0.01,0,0,4,6,95.1,31.7,7
1055,0.17,1,0.08,0,0,11,8,1459.6,248.8,33
1056,0.17,1,0.06,2,1,9,9,1054.16,175.69,24
1057,0.67,1,0.0,0,0,0,3,17.41,11.61,3
1058,0.13,1,0.18,14,5,33,10,4031.36,537.51,56
1059,0.12,1,0.1,3,0,21,9,2585.61,298.78,42
1060,0.5,1,0.01,0,0,2,4,31.02,15.51,4
1061,0.25,1,0.03,0,0,5,8,312.55,78.14,13
1062,0.67,1,0.0,0,0,0,3,12.0,8.0,3
1063,0.11,1,0.05,2,1,13,14,1287.66,147.16,23
1064,0.18,1,0.06,1,0,13,8,1040.96,191.76,24
1065,0.29,1,0.02,0,0,0,7,239.86,68.53,11
1066,0.15,1,0.02,0,0,7,8,392.07,58.81,12
1067,0.0,1,0.0,0,0,0,1,0.0,0.0,1
1068,0.08,3,0.17,4,1,35,14,6545.0,495.0,65
1069,0.18,1,0.04,1,0,11,8,747.25,133.44,18
1070,0.3,1,0.03,1,0,18,5,286.12,85.84,5
1071,0.06,4,0.13,1,0,12,17,6517.36,383.37,44
1072,0.06,1,0.2,2,0,36,14,10202.14,600.13,66
1073,0.18,1,0.06,4,0,9,7,902.22,166.8,23
1074,0.11,1,0.01,0,0,6,7,388.32,44.38,9
1075,0.33,1,0.02,1,0,7,6,222.69,74.23,10
1076,0.03,4,0.58,13,0,30,20,65511.02,1735.76,189
1077,0.67,1,0.0,0,0,0,3,12.0,8.0,3
1078,0.29,1,0.01,0,0,4,7,145.3,41.51,8
1079,0.19,1,0.02,1,0,9,7,363.24,69.19,14
1080,0.29,1,0.01,0,0,2,7,84.0,24.0,7
1081,0.67,1,0.0,0,0,0,3,17.41,11.61,3
1082,0.05,1,0.23,3,0,22,16,13013.89,697.17,75
1083,0.3,1,0.03,3,1,6,5,253.69,76.11,14
1084,0.67,1,0.0,0,0,0,3,12.0,8.0,3
1085,0.0,1,0.0,0,0,0,0,0.0,0.0,0
1086,0.67,1,0.0,0,0,0,3,12.0,8.0,3
1087,0.11,1,0.05,2,1,13,14,1287.66,147.16,23
1088,0.3,1,0.02,3,0,8,5,230.63,69.19,12
1089,0.17,1,0.05,1,0,7,8,816.0,136.0,22
1090,0.2,1,0.01,1,0,5,5,182.48,36.5,9
1091,0.05,5,0.05,1,0,10,13,2732.13,150.12,22
1092,0.0,1,0.0,0,0,1,1,0.0,0.0,1
1093,0.67,1,0.0,0,0,2,3,12.0,8.0,3
1094,0.67,1,0.0,0,0,0,3,12.0,8.0,3
1095,1.0,1,0.0,0,0,0,2,4.75,4.75,2
1096,0.29,1,0.01,0,0,5,7,157.4,44.97,9
1097,0.13,1,0.05,1,0,17,8,1142.67,151.24,20
1098,1.0,1,0.0,0,0,0,2,4.75,4.75,2
1099,0.0,1,0.0,0,0,1,1,0.0,0.0,1
1100,0.67,1,0.0,0,0,2,3,12.0,8.0,3
1101,0.08,1,0.1,5,0,16,11,3676.11,301.85,34
1102,0.16,1,0.05,3,1,11,8,991.89,159.41,25
1103,0.4,1,0.01,0,0,3,5,90.0,36.0,9
1104,0.3,1,0.03,0,0,6,5,304.59,91.38,12
1105,0.06,3,0.19,2,0,38,14,8820.26,570.02,71
1106,0.14,1,0.01,0,0,0,7,189.0,27.0,7
1107,0.11,1,0.08,3,0,21,12,2318.48,252.01,30
1108,0.07,5,0.31,8,1,49,15,13822.78,921.52,99
1109,0.03,8,0.68,9,11,110,21,58255.33,2028.79,197
1110,0.07,3,0.08,4,0,14,16,3715.23,244.42,33
1111,0.1,1,0.07,0,0,10,12,1954.18,199.04,26
1112,0.04,7,0.55,28,8,88,22,44908.66,1656.15,169
1113,0.31,1,0.05,2,0,13,6,525.93,165.0,20
1114,0.5,1,0.01,0,0,2,4,31.02,15.51,4
1115,0.22,1,0.02,0,0,3,9,306.0,68.0,10
1116,0.22,1,0.02,0,0,4,9,241.98,53.77,12
1117,0.67,1,0.0,0,0,0,3,12.0,8.0,3
1118,0.33,1,0.02,0,0,3,6,150.57,50.19,8
1119,0.06,3,0.22,1,0,52,13,10466.11,670.9,85
1120,0.33,1,0.01,0,0,2,6,67.38,22.46,7
1121,0.67,1,0.0,0,0,0,3,12.0,8.0,3
1122,0.15,1,0.06,2,1,12,10,1197.9,175.69,25
1123,0.67,1,0.01,0,0,3,3,37.9,25.27,5
1124,0.11,1,0.1,3,8,30,12,2836.38,300.83,42
1125,0.33,1,0.01,0,0,2,6,109.62,36.54,7
1126,0.34,1,0.02,1,0,6,5,141.26,48.43,7
1127,0.15,1,0.1,3,1,13,9,1916.22,294.8,36
1128,0.67,1,0.0,0,0,2,3,12.0,8.0,3
1129,0.1,3,0.15,3,1,27,13,4365.26,440.0,59
1130,0.67,1,0.0,0,0,0,3,12.0,8.0,3
1131,0.4,1,0.01,0,0,0,5,38.77,15.51,5
1132,0.08,1,0.09,1,1,15,12,3356.19,279.68,37
1133,0.26,1,0.03,0,0,6,7,377.68,98.1,13
1134,0.09,1,0.08,1,2,17,14,2511.9,232.19,33
1135,0.11,1,0.1,3,4,23,13,2814.29,301.19,39
1136,0.09,1,0.2,2,0,48,12,7081.52,614.72,70
1137,0.12,1,0.1,2,0,24,12,2578.53,300.83,44
1138,0.09,1,0.12,1,1,23,10,4214.16,361.21,53
1139,0.2,1,0.01,0,0,0,5,90.47,18.09,5
1140,0.33,1,0.01,0,0,3,6,129.56,43.19,9
1141,0.16,1,0.04,0,0,6,8,813.86,130.8,18
1142,0.05,1,0.27,5,4,54,14,15808.22,801.34,93
1143,0.19,1,0.06,0,0,9,8,945.06,177.2,25
1144,0.5,1,0.01,0,0,3,4,44.92,22.46,5
1145,0.21,1,0.03,0,3,8,8,390.89,83.76,15
1146,0.07,3,0.16,3,0,35,13,6458.35,470.65,57
1147,0.67,1,0.0,0,0,0,3,12.0,8.0,3
1148,0.4,1,0.01,0,0,4,5,67.5,27.0,6
1149,0.29,1,0.02,0,0,4,7,175.66,50.19,9
1150,0.11,1,0.05,2,1,13,14,1287.66,147.16,23
1151,0.16,1,0.03,2,0,12,8,592.07,92.51,17
1152,1.0,1,0.0,0,0,2,2,8.0,8.0,2
1153,0.33,1,0.03,0,0,10,6,264.0,88.0,12
1154,0.05,6,0.23,3,0,22,18,14002.37,694.56,72
1155,0.67,1,0.0,0,0,2,3,12.0,8.0,3
1156,0.1,1,0.27,3,0,36,12,7927.7,798.28,101
1157,0.15,1,0.23,11,2,42,9,4461.99,679.4,69
1158,0.07,3,0.39,2,5,75,12,17957.52,1184.01,121
1159,0.67,1,0.0,0,0,0,3,12.0,8.0,3
1160,0.67,1,0.0,0,0,2,3,12.0,8.0,3
1161,0.07,1,0.26,2,2,57,14,11325.25,792.44,102
1162,0.18,1,0.11,0,0,13,8,1857.56,331.71,41
1163,0.19,1,0.01,0,0,6,8,239.85,44.97,9
1164,0.08,1,0.16,3,0,38,12,6195.35,490.47,59
1165,0.03,3,0.63,14,0,82,23,58603.66,1875.32,182
1166,0.5,1,0.01,0,0,3,4,39.3,19.65,4
1167,0.16,1,0.04,0,0,7,8,813.86,130.8,18
1168,0.13,1,0.05,1,0,9,8,1015.79,136.74,22
1169,0.67,1,0.0,0,0,3,3,12.0,8.0,3
1170,0.08,5,0.17,2,1,38,14,6504.61,504.44,65
1171,0.16,1,0.06,3,1,10,9,1176.04,184.48,25
1172,0.15,1,0.03,1,0,9,8,634.56,95.18,15
1173,0.03,11,0.41,0,19,80,25,38405.82,1236.97,136
1174,1.0,1,0.0,0,0,0,2,4.75,4.75,2
1175,0.08,1,0.28,2,0,25,13,10369.98,841.2,101
1176,1.0,1,0.0,0,0,1,2,4.75,4.75,2
1177,0.11,1,0.05,1,0,12,10,1393.33,152.0,27
1178,0.67,1,0.0,0,0,0,3,12.0,8.0,3
1179,0.17,1,0.06,2,0,11,8,1062.75,182.66,27
1180,0.11,1,0.07,1,6,16,14,2018.06,216.22,30
1181,0.04,1,0.68,21,19,98,17,54152.01,2046.1,208
1182,0.67,1,0.0,0,0,0,3,12.0,8.0,3
1183,0.67,1,0.0,0,0,2,3,17.41,11.61,3
1184,0.67,1,0.0,0,0,0,3,12.0,8.0,3
1185,0.5,1,0.01,0,0,2,4,31.02,15.51,4
1186,0.4,1,0.01,0,0,1,5,79.25,31.7,6
1187,0.15,1,0.17,0,0,17,9,3446.62,516.99,60
1188,0.5,1,0.01,2,2,2,4,72.0,36.0,8
1189,0.02,7,1.74,15,9,262,23,234743.54,5228.46,509
1190,0.4,1,0.01,0,0,0,5,60.0,24.0,5
1191,0.14,1,0.04,1,0,13,8,852.58,118.41,23
1192,0.06,1,0.24,5,2,30,16,12266.65,723.27,82
1193,0.13,1,0.09,2,0,13,9,1989.07,257.83,33
1194,0.33,1,0.01,0,0,2,6,85.59,28.53,6
1195,0.67,1,0.0,0,0,2,3,12.0,8.0,3
1196,0.05,1,0.29,4,3,48,12,18709.51,855.0,114
1197,0.4,1,0.01,0,0,2,5,60.0,24.0,5
1198,0.0,1,0.0,0,0,0,1,0.0,0.0,1
1199,0.16,1,0.04,0,0,7,8,813.86,130.8,18
1200,0.4,1,0.01,0,0,4,5,67.5,27.0,6
1201,0.4,1,0.01,0,0,1,5,79.25,31.7,6
1202,0.07,6,0.21,3,1,39,14,9244.97,619.92,70
1203,0.22,1,0.02,0,0,3,9,306.0,68.0,10
1204,0.4,1,0.01,0,0,0,5,49.13,19.65,5
1205,0.67,1,0.0,0,0,0,3,17.41,11.61,3
1206,0.27,1,0.02,0,4,6,5,213.97,57.06,12
1207,0.19,1,0.05,0,0,8,8,737.24,141.78,21
1208,0.33,1,0.01,0,0,3,6,72.0,24.0,6
1209,0.67,1,0.0,0,0,2,3,12.0,8.0,3
1210,0.33,1,0.01,0,0,3,6,134.92,44.97,8
1211,0.67,1,0.0,0,0,0,3,12.0,8.0,3
1212,0.67,1,0.0,0,0,0,3,12.0,8.0,3
1213,0.17,1,0.12,0,0,14,8,2180.08,369.21,45
1214,0.67,1,0.0,0,0,0,3,17.41,11.61,3
1215,0.1,3,0.12,7,1,21,12,3553.24,350.94,46
1216,0.67,1,0.0,0,0,0,3,12.0,8.0,3
1217,0.06,13,0.37,3,2,75,12,18211.24,1106.96,119
1218,0.4,1,0.01,0,0,0,5,79.25,31.7,6
1219,0.2,1,0.04,0,0,13,7,533.03,106.61,18
1220,0.13,1,0.04,1,0,10,11,982.91,125.1,20
1221,0.67,1,0.0,0,0,0,3,17.41,11.61,3
1222,0.04,1,0.72,10,4,113,16,53551.34,2169.75,218
1223,0.67,1,0.0,0,0,2,3,12.0,8.0,3
1224,0.17,1,0.01,1,0,6,6,216.0,36.0,8
1225,0.03,8,0.63,34,13,92,23,66460.03,1894.8,195
1226,0.25,1,0.02,2,0,4,7,289.36,72.34,11
1227,0.15,1,0.03,1,0,9,8,634.56,95.18,15
1228,0.67,1,0.0,0,0,0,3,17.41,11.61,3
1229,1.0,1,0.0,0,0,0,2,4.75,4.75,2
1230,0.06,1,0.36,20,1,64,17,19426.48,1070.41,107
1231,0.19,1,0.03,1,1,13,7,524.54,99.91,18
1232,0.13,1,0.05,3,1,11,10,1255.5,161.42,24
1233,0.0,1,0.0,0,0,1,1,0.0,0.0,1
1234,0.25,1,0.02,0,0,6,6,286.8,71.7,12
1235,0.03,3,0.45,5,5,63,17,39470.86,1356.57,161
1236,0.09,1,0.31,9,3,47,15,10906.35,942.52,113
1237,0.67,1,0.0,0,0,0,3,12.0,8.0,3
1238,0.14,1,0.11,3,0,21,9,2284.41,319.63,41
1239,0.4,1,0.02,0,0,4,5,121.08,48.43,8
1240,0.11,1,0.05,2,1,13,14,1287.66,147.16,23
1241,0.12,4,0.05,3,0,12,11,1225.36,141.78,23
1242,0.67,1,0.0,0,0,0,3,12.0,8.0,3
1243,0.22,1,0.02,0,0,3,9,306.0,68.0,10
1244,0.09,1,0.12,0,0,20,11,4246.69,361.93,45
1245,0.0,1,0.0,0,0,1,1,0.0,0.0,1
1246,0.1,1,0.2,0,0,48,11,6102.99,605.26,74
1247,0.16,1,0.04,0,0,4,8,663.06,105.49,16
1248,0.67,1,0.0,0,0,0,3,12.0,8.0,3
1249,0.67,1,0.0,0,0,0,3,12.0,8.0,3
1250,1.0,1,0.0,0,0,2,2,4.75,4.75,2
1251,0.2,1,0.03,0,0,7,8,500.0,100.0,15
1252,0.03,13,1.04,3,2,126,18,114916.0,3125.61,327
1253,0.14,3,0.05,3,0,14,9,1076.02,147.15,23
1254,0.1,1,0.18,1,0,38,12,5279.89,536.57,62
1255,0.11,1,0.14,3,0,11,11,3829.05,430.0,52
1256,1.0,1,0.0,0,0,0,2,4.75,4.75,2
1257,0.67,1,0.0,0,0,0,3,12.0,8.0,3
1258,0.67,1,0.0,0,0,0,3,17.41,11.61,3
1259,0.67,1,0.0,0,0,0,3,17.41,11.61,3
1260,0.09,1,0.12,2,2,24,9,4075.46,348.33,56
1261,0.67,1,0.01,0,0,3,3,37.9,25.27,5
1262,0.5,1,0.0,0,0,0,4,23.22,11.61,4
1263,0.07,1,0.24,3,1,52,15,10627.05,724.21,93
1264,0.04,1,0.48,6,0,78,16,34054.0,1446.47,152
1265,0.03,9,0.74,11,2,108,26,72378.03,2218.95,212
1266,0.14,1,0.03,4,0,7,10,574.31,82.04,14
1267,0.08,4,0.14,6,2,34,13,5316.29,423.05,59
1268,0.67,1,0.0,0,0,1,3,12.0,8.0,3
1269,0.07,3,0.13,2,0,16,16,5341.12,378.33,45
1270,0.15,1,0.02,0,0,7,8,369.01,55.35,11
1271,0.1,3,0.17,2,1,36,13,5461.03,518.91,68
1272,0.67,1,0.0,0,0,2,3,12.0,8.0,3
1273,0.02,16,1.06,16,9,171,30,156823.6,3179.59,297
1274,0.33,1,0.01,0,0,2,6,67.38,22.46,7
1275,0.67,1,0.0,0,0,0,3,12.0,8.0,3
1276,0.67,1,0.0,0,0,0,3,17.41,11.61,3
1277,0.04,1,0.52,5,7,82,15,34646.7,1554.24,167
1278,0.03,1,0.04,0,0,28,3,4212.0,108.0,28
1279,0.67,1,0.0,0,0,0,3,17.41,11.61,3
1280,0.11,1,0.14,2,0,25,12,3989.43,421.11,55
1281,0.2,1,0.02,1,3,8,7,298.63,60.94,10
1282,0.5,1,0.01,0,0,3,4,39.3,19.65,4
1283,1.0,1,0.0,0,0,0,2,4.75,4.75,2
1284,0.16,1,0.04,0,0,7,8,813.86,130.8,18
1285,0.0,1,0.0,0,0,1,1,0.0,0.0,1
1286,0.0,1,0.0,0,0,1,1,0.0,0.0,1
1287,0.06,1,0.44,12,5,61,14,21710.74,1312.19,120
1288,0.08,3,0.63,1,1,78,13,23269.16,1893.2,207
1289,0.67,1,0.0,0,0,0,3,17.41,11.61,3
1290,0.06,1,0.2,2,2,38,12,9661.93,603.87,87
1291,1.0,1,0.01,0,0,1,2,18.09,18.09,3
1292,0.4,1,0.01,0,0,1,5,79.25,31.7,6
1293,0.17,1,0.06,2,1,9,9,1054.16,175.69,24
1294,2.0,1,0.0,0,0,5,1,4.0,8.0,1
1295,0.67,1,0.0,0,0,0,3,17.41,11.61,3
1296,0.08,3,0.14,8,9,33,12,5188.53,418.43,57
1297,0.17,1,0.05,1,0,7,8,816.0,136.0,22
1298,0.06,8,0.3,7,0,61,14,14596.21,888.76,106
1299,0.67,1,0.0,0,0,0,3,17.41,11.61,3
1300,0.33,1,0.01,0,0,2,6,85.59,28.53,6
1301,0.14,1,0.01,0,0,0,7,189.0,27.0,7
1302,0.06,1,0.1,13,0,19,11,4738.27,298.21,43
1303,0.67,1,0.0,0,0,0,3,17.41,11.61,3
1304,0.5,1,0.01,0,0,4,4,39.3,19.65,4
1305,0.67,1,0.0,0,0,0,3,12.0,8.0,3
1306,0.5,1,0.0,0,0,0,4,23.22,11.61,4
1307,0.03,3,0.5,15,4,71,22,44757.43,1499.05,162
1308,0.67,1,0.0,0,0,0,3,17.41,11.61,3
1309,0.02,5,0.84,16,0,52,22,104852.1,2526.56,252
1310,0.19,1,0.02,0,0,3,7,326.92,62.27,12
1311,0.33,1,0.01,1,0,4,6,134.92,44.97,8
1312,0.0,1,0.0,0,0,1,1,0.0,0.0,1
1313,0.5,1,0.0,0,0,0,4,23.22,11.61,4
1314,0.18,1,0.04,2,1,8,9,597.79,106.27,16
1315,0.67,1,0.0,0,0,0,3,12.0,8.0,3
1316,0.33,1,0.01,0,0,1,6,129.56,43.19,9
1317,0.33,1,0.01,0,0,3,6,85.59,28.53,6
1318,0.13,1,0.04,1,0,16,8,944.22,118.03,19
1319,0.67,1,0.0,0,0,0,3,12.0,8.0,3
1320,0.06,4,0.24,9,2,39,18,12185.29,706.39,85
1321,0.67,1,0.0,0,0,0,3,17.41,11.61,3
1322,0.2,1,0.07,1,0,9,7,1098.08,219.62,30
1323,0.33,1,0.02,0,0,4,6,150.57,50.19,8
1324,0.06,1,0.36,3,0,74,16,16898.58,1072.41,126
1325,0.67,1,0.0,0,0,2,2,15.0,10.0,2
1326,0.67,1,0.0,0,0,2,3,17.41,11.61,3
1327,0.0,1,0.0,0,0,0,0,0.0,0.0,0
1328,0.67,1,0.0,0,0,0,3,12.0,8.0,3
1329,0.21,1,0.03,0,0,6,8,355.35,76.15,13
1330,0.04,7,0.55,28,8,88,22,44908.66,1656.15,169
1331,0.0,1,0.0,0,0,1,1,0.0,0.0,1
1332,0.08,1,0.12,8,3,28,14,4665.3,352.84,61
1333,0.28,1,0.02,0,0,6,6,211.72,58.81,11
1334,0.1,1,0.08,1,0,20,10,2389.82,250.36,36
1335,0.4,1,0.01,0,0,0,5,60.0,24.0,5
1336,0.16,1,0.05,3,0,15,9,936.67,148.68,21
1337,0.19,1,0.02,0,0,5,7,388.55,74.01,11
1338,0.0,1,0.0,0,0,0,0,0.0,0.0,0
1339,0.67,1,0.0,0,0,2,3,17.41,11.61,3
1340,0.67,1,0.0,0,0,0,3,12.0,8.0,3
1341,0.31,1,0.04,2,0,6,6,361.18,110.36,15
1342,1.0,1,0.0,0,0,0,2,4.75,4.75,2
1343,0.09,1,0.12,0,0,20,11,3953.7,347.83,43
1344,0.16,1,0.06,3,1,13,8,1200.94,187.65,29
1345,0.67,1,0.0,0,0,0,3,12.0,8.0,3
1346,0.25,1,0.03,2,3,5,7,323.05,82.04,12
1347,0.06,5,0.18,4,1,34,15,9259.3,544.66,77
1348,0.4,1,0.02,3,4,5,5,116.27,46.51,9
1349,0.09,3,0.15,2,1,33,13,4825.39,455.0,60
1350,0.67,1,0.0,0,0,0,3,12.0,8.0,3
1351,0.5,1,0.01,0,0,1,3,46.53,23.26,5
1352,0.16,1,0.04,2,0,14,10,814.57,126.71,22
1353,0.06,1,0.27,7,10,39,16,13079.79,817.49,88
1354,0.4,1,0.01,0,0,4,5,67.5,27.0,6
1355,0.05,10,0.44,7,1,59,19,28002.35,1306.33,135
1356,0.91,1,0.02,1,0,11,2,55.21,50.19,3
1357,0.2,1,0.04,1,0,7,8,540.0,108.0,17
1358,1.33,1,0.01,1,0,8,1,12.19,16.25,1
1359,0.17,1,0.04,1,1,9,9,800.63,133.44,20
1360,0.5,1,0.01,0,0,3,4,39.3,19.65,4
1361,0.67,1,0.0,0,0,0,3,17.41,11.61,3
1362,0.67,1,0.01,0,0,0,3,27.14,18.09,4
1363,0.14,1,0.03,0,0,9,7,577.18,82.45,13
1364,0.67,1,0.0,0,0,0,3,17.41,11.61,3
1365,0.4,1,0.01,0,0,0,5,99.66,39.86,7
1366,0.4,1,0.01,0,0,0,5,99.66,39.86,7
1367,0.13,1,0.03,1,0,8,10,720.0,96.0,15
1368,0.5,1,0.01,0,0,2,4,54.0,27.0,5
1369,0.07,5,0.14,3,0,14,15,6002.83,423.73,50
1370,0.09,5,0.14,6,1,26,13,4697.06,412.93,57
1371,1.0,1,0.0,0,0,0,2,4.75,4.75,2
1372,0.16,1,0.06,0,0,9,10,1208.47,187.98,23
1373,0.05,1,0.44,7,7,60,17,25571.05,1318.27,138
1374,0.67,1,0.0,0,0,0,3,12.0,8.0,3
1375,0.1,1,0.07,2,0,10,14,1957.73,197.42,25
1376,0.4,1,0.01,0,0,1,5,79.25,31.7,6
1377,0.5,1,0.0,0,0,2,4,23.22,11.61,4
1378,0.67,1,0.0,0,0,0,3,12.0,8.0,3
1379,0.14,3,0.07,2,0,7,11,1408.1,202.12,24
1380,0.67,1,0.0,0,0,0,3,12.0,8.0,3
1381,0.0,1,0.0,0,0,0,1,0.0,0.0,1
1382,0.0,1,0.0,0,0,0,0,0.0,0.0,0
1383,0.21,1,0.02,0,0,6,8,319.82,68.53,11
1384,1.0,1,0.0,0,0,0,2,4.75,4.75,2
1385,0.67,1,0.0,0,0,0,3,12.0,8.0,3
1386,0.67,1,0.0,0,0,0,3,12.0,8.0,3
1387,0.67,1,0.0,0,0,0,3,12.0,8.0,3
1388,0.32,1,0.01,0,2,4,5,108.97,34.87,6
1389,0.67,1,0.0,0,0,0,3,17.41,11.61,3
1390,0.4,1,0.01,0,0,0,5,60.0,24.0,5
1391,0.05,5,0.17,9,0,29,21,9619.48,508.97,59
1392,0.09,1,0.05,0,0,9,11,1743.03,158.46,24
1393,0.12,1,0.04,1,0,11,10,966.67,116.0,19
1394,0.16,1,0.04,2,1,10,8,687.61,109.39,17
1395,0.08,1,0.17,3,0,38,12,6060.0,505.0,61
1396,0.05,1,0.34,3,2,46,15,21346.25,1016.49,121
1397,0.4,1,0.01,0,0,2,5,38.77,15.51,5
1398,0.21,1,0.02,0,0,6,8,319.82,68.53,11
1399,0.06,5,0.22,2,4,36,18,11974.34,665.24,81
1400,0.04,7,0.55,6,7,97,20,42656.7,1647.14,179
1401,0.24,1,0.01,0,0,3,5,162.5,39.0,8
1402,0.06,1,0.3,17,16,46,15,13919.45,899.84,96
1403,0.0,1,0.0,0,0,0,2,0.0,2.0,2
1404,0.14,1,0.03,1,0,9,8,586.15,81.41,13
1405,0.67,1,0.0,0,0,2,3,12.0,8.0,3
1406,0.4,1,0.01,0,0,0,5,79.25,31.7,6
1407,0.5,1,0.0,0,0,2,4,23.22,11.61,4
1408,0.67,1,0.0,0,0,0,3,17.41,11.61,3
1409,0.67,1,0.0,0,0,0,3,17.41,11.61,3
1410,0.33,1,0.02,1,0,6,6,194.18,64.73,9
1411,0.67,1,0.0,0,0,0,3,12.0,8.0,3
1412,0.0,1,0.0,0,0,0,1,0.0,0.0,1
1413,0.33,1,0.01,1,0,4,6,124.54,41.51,7
1414,0.07,3,0.27,6,1,35,17,11467.22,796.18,78
1415,0.33,1,0.01,0,0,2,6,85.59,28.53,6
1416,0.05,7,0.35,6,5,58,19,19447.82,1036.85,100
1417,0.03,10,0.84,9,4,111,24,84710.46,2507.88,247
1418,0.16,1,0.03,1,0,8,7,587.22,93.21,17
1419,0.0,1,0.0,0,0,0,0,0.0,0.0,0
1420,0.29,1,0.01,0,0,4,7,145.3,41.51,8
1421,0.07,3,0.5,12,4,76,16,22027.25,1491.43,149
1422,0.09,1,0.06,3,0,15,9,2036.57,176.0,26
1423,0.4,1,0.01,0,0,2,5,49.13,19.65,5
1424,0.4,1,0.01,1,0,4,5,60.0,24.0,5
1425,0.09,1,0.09,9,11,24,12,3126.94,284.27,40
1426,0.23,1,0.02,1,1,4,7,227.03,51.89,10
1427,0.19,1,0.05,0,0,8,8,780.61,150.12,23
1428,1.0,1,0.0,0,0,0,2,4.75,4.75,2
1429,0.67,1,0.0,0,0,2,3,12.0,8.0,3
1430,0.67,1,0.0,0,0,0,3,12.0,8.0,3
1431,0.1,1,0.14,1,0,30,12,3933.53,412.08,46
1432,0.67,1,0.0,0,0,2,3,12.0,8.0,3
1433,0.4,1,0.01,1,0,3,5,60.0,24.0,5
1434,0.67,1,0.0,0,0,2,3,12.0,8.0,3
1435,0.08,3,0.12,1,0,28,15,4784.22,368.02,49
1436,0.21,1,0.02,0,0,6,8,319.82,68.53,11
1437,0.67,1,0.01,0,0,0,3,37.9,25.27,5
1438,0.21,1,0.02,0,0,7,8,284.19,59.21,10
1439,0.03,5,0.63,19,0,38,22,73638.77,1891.91,181
1440,0.67,1,0.01,0,1,2,3,37.9,25.27,5
1441,0.0,1,0.0,0,0,0,1,0.0,0.0,1
1442,0.67,1,0.0,0,0,0,3,12.0,8.0,3
1443,0.67,1,0.0,0,0,2,3,12.0,8.0,3
1444,1.0,1,0.0,0,0,1,2,8.0,8.0,2
1445,0.06,1,0.42,11,2,61,14,20425.58,1271.18,116
1446,0.17,1,0.06,2,1,9,9,1054.16,175.69,24
1447,0.17,1,0.11,1,1,24,8,1895.83,325.0,30
1448,0.25,1,0.02,2,0,7,5,252.47,63.12,11
1449,0.23,1,0.09,0,0,16,7,1128.06,257.83,37
1450,0.18,1,0.3,1,0,57,8,4976.76,909.93,89
1451,0.33,1,0.01,0,0,2,6,81.0,27.0,7
1452,0.18,1,0.04,2,1,9,7,711.05,125.02,19
1453,2.0,1,0.0,0,0,2,1,2.38,4.75,1
1454,0.22,1,0.02,0,0,3,9,306.0,68.0,10
1455,0.05,1,0.14,3,3,37,16,8842.33,427.85,58
1456,0.21,1,0.03,0,0,6,8,355.35,76.15,13
1457,0.4,1,0.01,0,0,0,5,79.25,31.7,6
1458,0.14,1,0.07,0,0,18,10,1506.49,210.91,26
1459,0.29,1,0.01,0,0,2,7,84.0,24.0,7
1460,0.1,1,0.18,1,0,46,12,5344.61,544.36,71
1461,0.09,3,0.16,3,3,27,14,5663.36,489.69,56
1462,1.0,1,0.0,0,0,2,2,8.0,8.0,2
1463,0.13,1,0.08,4,5,16,9,1867.83,237.19,33
1464,0.05,5,0.3,13,2,55,22,17312.29,913.85,94
1465,0.33,1,0.01,0,0,4,6,134.92,44.97,8
1466,0.67,1,0.0,0,0,0,3,12.0,8.0,3
1467,0.07,1,0.16,2,0,35,13,7317.04,490.69,61
1468,0.09,3,0.14,1,1,33,14,5016.67,430.0,56
1469,0.67,1,0.0,0,0,2,3,17.41,11.61,3
1470,0.2,1,0.04,4,0,11,8,620.0,124.0,21
1471,0.18,1,0.03,1,0,4,7,441.67,78.87,14
1472,0.04,1,0.33,6,2,38,20,26321.9,977.67,107
1473,0.05,7,0.31,5,6,48,19,18860.9,943.86,108
1474,0.67,1,0.0,0,0,0,3,17.41,11.61,3
1475,0.5,1,0.0,0,0,2,4,23.22,11.61,4
1476,0.4,1,0.01,0,0,2,5,49.13,19.65,5
1477,0.0,1,0.0,0,0,1,1,0.0,0.0,1
1478,0.16,1,0.03,3,0,12,8,592.07,92.51,17
1479,0.0,1,0.0,0,0,1,1,0.0,0.0,1
1480,0.12,1,0.05,2,1,13,13,1352.69,156.08,23
1481,0.0,1,0.0,0,0,0,0,0.0,0.0,0
1482,0.67,1,0.0,0,0,0,3,12.0,8.0,3
1483,0.67,1,0.0,0,0,0,3,12.0,8.0,3
1484,0.67,1,0.01,0,0,0,3,27.14,18.09,4
1485,0.13,1,0.06,1,0,6,10,1425.51,184.48,25
1486,0.67,1,0.0,0,0,0,3,17.41,11.61,3
1487,0.4,1,0.01,0,0,2,5,49.13,19.65,5
1488,0.4,1,0.01,0,0,0,5,79.25,31.7,6
1489,0.07,3,0.21,4,0,22,13,8648.24,628.96,64
1490,0.29,1,0.02,0,0,0,7,239.86,68.53,11
1491,0.11,1,0.14,1,0,25,12,3989.43,421.11,55
1492,0.67,1,0.0,0,0,0,3,12.0,8.0,3
1493,0.28,1,0.02,0,0,6,6,199.26,55.35,10
1494,0.19,1,0.05,0,0,8,8,737.24,141.78,21
1495,0.4,1,0.01,0,0,2,5,45.24,18.09,6
1496,0.67,1,0.0,0,0,0,3,17.41,11.61,3
1497,0.14,1,0.06,0,0,17,10,1240.39,177.2,27
1498,0.0,1,0.0,0,1,1,1,0.0,0.0,1
1499,0.1,4,0.05,1,0,8,11,1605.84,164.23,22
1500,1.0,1,0.0,0,0,0,2,4.75,4.75,2
1501,2.0,1,0.01,0,0,7,1,7.75,15.51,1
1502,0.0,1,0.0,0,0,0,0,0.0,0.0,0
1503,0.29,1,0.03,0,2,8,6,304.49,88.81,16
1504,0.67,1,0.0,0,0,2,3,12.0,8.0,3
1505,0.31,1,0.05,2,0,11,6,458.43,142.62,18
1506,0.07,1,0.24,3,1,54,14,9991.73,713.7,91
1507,0.5,1,0.01,0,0,3,4,39.3,19.65,4
1508,0.67,1,0.0,0,0,0,3,12.0,8.0,3
1509,0.0,1,0.0,0,0,0,0,0.0,6.34,0
1510,0.21,1,0.03,0,0,6,8,355.35,76.15,13
1511,0.16,1,0.04,0,0,7,8,813.86,130.8,18
1512,0.33,1,0.02,0,0,3,6,150.57,50.19,8
1513,0.5,1,0.0,0,0,2,4,23.22,11.61,4
1514,0.5,1,0.01,0,0,2,4,31.02,15.51,4
1515,0.04,1,0.22,2,2,45,19,16398.39,666.92,85
1516,0.17,1,0.02,0,0,1,9,322.65,53.77,11
1517,0.5,1,0.0,0,0,2,4,23.22,11.61,4
1518,0.25,1,0.03,2,0,8,8,368.0,92.0,15
1519,0.64,1,0.01,0,0,12,2,64.76,41.21,2
1520,0.06,4,0.21,3,2,43,15,10325.25,625.77,78
1521,0.4,1,0.01,0,0,2,5,60.0,24.0,5
1522,0.3,1,0.02,3,0,8,5,230.63,69.19,12
1523,0.05,8,1.01,32,44,142,19,65087.11,3028.98,263
1524,0.03,12,0.85,19,11,116,28,95656.09,2551.41,238
1525,0.67,1,0.0,0,0,0,3,12.0,8.0,3
1526,0.4,1,0.01,0,0,3,5,91.35,36.54,6
1527,0.21,1,0.1,1,0,18,7,1454.65,307.19,44
1528,0.0,1,0.0,0,0,1,1,0.0,0.0,1
1529,0.5,1,0.01,0,0,0,4,39.3,19.65,4
1530,0.18,1,0.1,1,0,16,9,1646.46,288.85,44
1531,0.0,1,0.0,0,0,1,1,0.0,0.0,1
1532,0.5,1,0.01,1,0,2,4,31.02,15.51,4
1533,0.0,1,0.0,0,0,1,0,0.0,0.0,0
1534,0.09,1,0.06,2,0,14,12,1891.62,166.91,21
1535,0.67,1,0.0,0,0,0,3,17.41,11.61,3
1536,0.33,1,0.01,0,0,4,6,95.1,31.7,7
1537,0.05,5,0.25,6,3,48,18,14289.29,760.77,94
1538,0.0,1,0.0,0,0,1,1,0.0,0.0,1
1539,0.12,1,0.05,1,1,13,13,1142.0,140.55,22
1540,0.07,3,0.24,11,9,46,16,10515.73,727.65,75
1541,0.03,12,0.42,7,7,61,18,36434.54,1245.63,153
1542,0.08,1,0.15,5,2,38,12,5473.17,442.28,59
1543,0.5,1,0.01,0,0,0,4,31.02,15.51,4
1544,2.0,1,0.0,0,0,6,1,5.8,11.61,1
1545,0.0,1,0.0,0,0,1,1,0.0,0.0,1
1546,0.33,1,0.03,0,0,4,6,264.0,88.0,12
1547,0.12,1,0.05,1,1,13,13,1142.0,140.55,22
1548,0.33,1,0.01,0,0,3,6,109.62,36.54,7
1549,0.05,7,0.24,1,0,32,16,15298.84,708.28,83
1550,0.67,1,0.0,0,0,0,3,12.0,8.0,3
1551,0.06,1,0.16,4,1,37,15,7433.62,480.56,64
1552,0.4,1,0.01,0,0,0,5,99.66,39.86,7
1553,0.06,4,0.08,1,0,18,15,3847.55,243.0,34
1554,0.5,1,0.0,0,0,0,4,23.22,11.61,4
1555,0.07,1,0.12,1,1,18,12,5143.96,371.51,50
1556,0.03,6,0.58,18,1,52,25,53155.21,1746.53,172
1557,0.33,1,0.01,0,0,5,6,119.59,39.86,8
1558,0.67,1,0.0,0,0,0,3,12.0,8.0,3
1559,1.0,1,0.03,0,0,7,2,91.38,91.38,12
1560,0.05,1,0.23,3,0,41,18,14339.44,692.73,86
1561,0.06,5,0.24,6,1,54,18,12417.08,730.42,82
1562,0.16,1,0.12,0,0,14,8,2265.23,365.36,45
1563,0.09,3,0.16,2,1,33,14,5357.94,469.13,62
1564,0.1,1,0.05,2,0,14,9,1504.29,156.0,24
1565,0.67,1,0.0,0,0,2,3,12.0,8.0,3
1566,0.08,1,0.09,1,0,22,12,3472.18,278.63,33
1567,0.08,1,0.21,3,4,41,14,7411.68,621.48,70
1568,0.67,1,0.0,0,0,0,3,12.0,8.0,3
1569,0.09,9,0.3,1,1,29,13,10307.52,906.16,109
1570,0.14,1,0.08,2,1,16,9,1791.33,253.32,34
1571,0.05,1,0.4,2,0,55,15,22882.74,1205.35,136
1572,0.67,1,0.0,0,0,0,3,17.41,11.61,3
1573,0.67,1,0.0,0,0,0,3,12.0,8.0,3
1574,0.04,15,0.62,3,12,78,20,49778.18,1872.0,195
1575,0.4,1,0.01,0,0,0,5,38.77,15.51,5
1576,0.15,1,0.02,0,0,8,9,474.58,70.31,13
1577,1.0,1,0.01,0,0,2,2,18.09,18.09,3
1578,0.17,1,0.05,1,0,8,8,826.58,143.06,22
1579,0.42,1,0.01,1,0,7,4,76.08,31.7,4
1580,0.13,1,0.05,1,0,17,8,1142.67,151.24,20
1581,0.29,1,0.02,2,0,8,5,220.91,63.12,12
1582,0.5,1,0.01,0,0,2,4,31.02,15.51,4
1583,0.06,1,0.22,2,3,43,13,10902.2,670.9,83
1584,0.4,1,0.01,0,0,2,5,49.13,19.65,5
1585,0.0,1,0.0,0,0,1,1,0.0,0.0,1
1586,0.5,1,0.02,0,0,5,4,90.0,45.0,11
1587,0.21,1,0.08,1,0,12,7,1153.79,239.75,31
1588,0.16,1,0.05,3,0,15,9,936.67,148.68,21
1589,0.08,1,0.18,3,0,37,12,6772.5,525.0,62
1590,0.67,1,0.0,0,0,0,3,12.0,8.0,3
1591,0.67,1,0.0,0,0,0,3,12.0,8.0,3
1592,0.0,1,0.0,0,0,0,0,0.0,0.0,0
1593,0.21,1,0.02,2,0,6,7,310.84,66.61,10
1594,0.12,3,0.04,0,0,15,9,1031.42,125.02,21
1595,0.08,1,0.1,4,0,14,11,3826.19,294.32,40
1596,0.11,1,0.04,1,0,10,9,965.81,107.31,21
1597,0.11,1,0.05,1,1,13,14,1287.66,147.16,23
1598,0.4,1,0.01,0,0,2,5,49.13,19.65,5
1599,0.06,3,0.2,4,0,21,20,10524.82,609.33,75
1600,0.08,4,0.14,6,2,34,13,5316.29,423.05,59
1601,0.13,1,0.03,1,0,8,9,611.96,77.71,14
1602,0.67,1,0.0,0,0,0,3,12.0,8.0,3
1603,0.12,1,0.06,0,0,15,12,1636.87,188.87,30
1604,0.5,1,0.01,0,0,2,4,31.02,15.51,4
1605,0.03,1,0.55,10,2,66,22,47016.12,1637.77,167
1606,0.2,1,0.04,2,1,7,8,560.0,112.0,18
1607,0.67,1,0.0,0,0,0,3,12.0,8.0,3
1608,0.67,1,0.0,0,0,0,3,17.41,11.61,3
1609,0.25,1,0.01,0,0,5,6,139.48,34.87,7
1610,0.25,1,0.01,0,0,4,6,139.48,34.87,7
1611,0.12,1,0.04,3,0,8,10,933.33,112.0,18
1612,0.11,1,0.05,2,0,14,9,1476.0,164.0,27
1613,0.11,1,0.03,3,5,8,10,773.56,85.95,13
1614,0.09,1,0.27,5,1,31,12,9507.73,819.63,94
1615,0.4,1,0.01,0,0,3,4,90.0,36.0,7
1616,0.06,5,0.25,7,4,40,15,11952.97,754.92,83
1617,2.0,1,0.0,0,0,3,1,1.0,2.0,1
1618,0.2,1,0.01,0,0,5,5,103.4,20.68,6
1619,0.67,1,0.0,0,0,0,3,12.0,8.0,3
1620,0.19,1,0.03,4,0,11,8,406.12,76.15,12
1621,0.67,1,0.0,0,0,0,3,12.0,8.0,3
1622,1.0,1,0.0,0,0,0,2,4.75,4.75,2
1623,0.5,1,0.01,0,0,2,4,31.02,15.51,4
1624,2.0,1,0.0,0,0,3,1,2.38,4.75,1
1625,0.06,1,0.44,15,18,77,13,21539.11,1305.4,130
1626,0.33,1,0.03,1,0,8,6,252.0,84.0,11
1627,0.02,14,0.85,12,1,93,28,107760.09,2550.53,230
1628,0.17,1,0.04,3,0,13,9,750.59,125.1,18
1629,0.05,3,0.31,3,0,44,15,18105.81,919.66,111
1630,0.11,1,0.05,2,1,13,14,1287.66,147.16,23
1631,0.14,1,0.09,3,1,20,9,2013.72,279.68,37
1632,0.15,1,0.03,0,0,8,8,634.56,95.18,15
1633,0.21,1,0.05,0,0,12,8,645.41,138.3,18
1634,0.67,1,0.0,0,0,0,3,12.0,8.0,3
1635,0.0,1,0.0,0,0,1,1,0.0,0.0,1
1636,0.67,1,0.0,0,0,2,3,17.41,11.61,3
1637,0.15,1,0.04,3,0,12,10,720.0,108.0,19
1638,0.67,1,0.0,0,0,0,3,17.41,11.61,3
1639,0.11,1,0.05,2,1,13,14,1287.66,147.16,23
1640,1.0,1,0.0,0,0,1,2,8.0,8.0,2
1641,0.33,1,0.01,0,0,2,6,58.95,19.65,6
1642,0.67,1,0.0,0,0,0,3,12.0,8.0,3
1643,0.04,1,0.35,6,7,54,16,26476.59,1059.06,124
1644,0.08,1,0.18,2,0,43,10,6323.86,525.0,52
1645,0.67,1,0.0,0,0,0,3,12.0,8.0,3
1646,0.25,1,0.01,0,0,0,8,177.52,44.38,13
1647,0.06,7,0.13,6,0,24,15,6675.75,399.01,54
1648,0.0,1,0.0,0,0,0,0,0.0,0.0,0
1649,0.0,1,0.0,0,0,0,1,0.0,0.0,1
1650,0.29,1,0.02,0,0,0,7,239.86,68.53,11
1651,0.0,1,0.0,0,0,1,1,0.0,0.0,1
1652,0.67,1,0.0,0,0,0,3,12.0,8.0,3
1653,0.05,5,0.27,4,4,50,15,14608.84,795.04,106
1654,0.67,1,0.0,0,0,0,3,17.41,11.61,3
1655,0.06,1,0.36,9,3,35,19,19385.15,1088.29,110
1656,0.29,1,0.03,3,2,8,7,355.53,101.58,18
1657,0.16,1,0.03,3,0,12,8,592.07,92.51,17
1658,0.17,3,0.03,1,0,9,8,571.1,95.18,16
1659,0.24,1,0.01,0,0,3,5,162.5,39.0,8
1660,0.02,1,1.0,5,0,50,37,126141.8,3011.84,282
1661,0.04,4,0.27,9,0,25,17,18050.6,808.99,88
1662,0.05,10,0.4,5,1,54,19,25742.43,1185.51,126
1663,0.67,1,0.0,0,0,2,3,12.0,8.0,3
1664,0.67,1,0.0,0,0,0,3,12.0,8.0,3
1665,0.15,1,0.04,2,0,10,8,776.91,113.3,17
1666,0.67,1,0.0,0,0,2,3,12.0,8.0,3
1667,0.33,1,0.01,0,0,2,6,85.59,28.53,6
1668,0.17,1,0.06,2,1,9,9,1054.16,175.69,24
1669,0.67,1,0.0,0,0,0,3,17.41,11.61,3
1670,0.09,3,0.17,0,1,38,13,5574.06,504.44,66
1671,0.04,9,0.45,10,0,72,21,34029.33,1347.34,141
1672,0.04,1,0.36,7,2,52,22,26025.75,1069.55,112
1673,0.03,8,0.6,28,11,90,21,54519.67,1804.12,185
1674,0.67,1,0.0,0,0,2,3,12.0,8.0,3
1675,0.12,1,0.06,0,0,10,11,1554.11,182.84,24
